,model,data,series,metrics,values
0,model_XGB,train,imbalanced,tp,170.0
1,model_XGB,val,imbalanced,tp,15.0
2,model_XGB,test,imbalanced,tp,5.0
3,model_XGB,train,imbalanced,tp,170.0
4,model_XGB,val,imbalanced,tp,14.0
5,model_XGB,test,imbalanced,tp,5.0
6,model_XGB,train,imbalanced,tp,170.0
7,model_XGB,val,imbalanced,tp,13.0
8,model_XGB,test,imbalanced,tp,5.0
9,model_XGB,train,imbalanced,tp,171.0
10,model_XGB,val,imbalanced,tp,10.0
11,model_XGB,test,imbalanced,tp,4.0
12,model_XGB,train,imbalanced,tp,171.0
13,model_XGB,val,imbalanced,tp,13.0
14,model_XGB,test,imbalanced,tp,5.0
15,model_XGB,train,SMOTE,tp,866.0
16,model_XGB,val,SMOTE,tp,1.0
17,model_XGB,test,SMOTE,tp,6.0
18,model_XGB,train,SMOTE,tp,866.0
19,model_XGB,val,SMOTE,tp,0.0
20,model_XGB,test,SMOTE,tp,7.0
21,model_XGB,train,SMOTE,tp,861.0
22,model_XGB,val,SMOTE,tp,0.0
23,model_XGB,test,SMOTE,tp,3.0
24,model_XGB,train,SMOTE,tp,867.0
25,model_XGB,val,SMOTE,tp,1.0
26,model_XGB,test,SMOTE,tp,5.0
27,model_XGB,train,SMOTE,tp,870.0
28,model_XGB,val,SMOTE,tp,2.0
29,model_XGB,test,SMOTE,tp,4.0
30,model_logistic,train,imbalanced,tp,136.0
31,model_logistic,val,imbalanced,tp,31.0
32,model_logistic,train,imbalanced,tp,136.0
33,model_logistic,val,imbalanced,tp,31.0
34,model_logistic,test,imbalanced,tp,13.0
35,model_logistic,train,imbalanced,tp,134.0
36,model_logistic,val,imbalanced,tp,29.0
37,model_logistic,test,imbalanced,tp,13.0
38,model_logistic,train,imbalanced,tp,133.0
39,model_logistic,val,imbalanced,tp,34.0
40,model_logistic,test,imbalanced,tp,15.0
41,model_logistic,train,imbalanced,tp,137.0
42,model_logistic,val,imbalanced,tp,28.0
43,model_logistic,test,imbalanced,tp,15.0
44,model_logistic,train,imbalanced,tp,136.0
45,model_logistic,val,imbalanced,tp,35.0
46,model_logistic,test,imbalanced,tp,15.0
47,model_logistic,train,SMOTE,tp,745.0
48,model_logistic,val,SMOTE,tp,34.0
49,model_logistic,test,SMOTE,tp,15.0
50,model_logistic,train,SMOTE,tp,733.0
51,model_logistic,val,SMOTE,tp,33.0
52,model_logistic,test,SMOTE,tp,15.0
53,model_logistic,train,SMOTE,tp,750.0
54,model_logistic,val,SMOTE,tp,33.0
55,model_logistic,test,SMOTE,tp,15.0
56,model_logistic,train,SMOTE,tp,742.0
57,model_logistic,val,SMOTE,tp,32.0
58,model_logistic,test,SMOTE,tp,15.0
59,model_logistic,train,SMOTE,tp,731.0
60,model_logistic,val,SMOTE,tp,35.0
61,model_logistic,test,SMOTE,tp,15.0
62,model_LinearSVC,train,imbalanced,tp,138.0
63,model_LinearSVC,val,imbalanced,tp,32.0
64,model_LinearSVC,test,imbalanced,tp,14.0
65,model_LinearSVC,train,imbalanced,tp,139.0
66,model_LinearSVC,val,imbalanced,tp,29.0
67,model_LinearSVC,test,imbalanced,tp,13.0
68,model_LinearSVC,train,imbalanced,tp,137.0
69,model_LinearSVC,val,imbalanced,tp,34.0
70,model_LinearSVC,test,imbalanced,tp,14.0
71,model_LinearSVC,train,imbalanced,tp,141.0
72,model_LinearSVC,val,imbalanced,tp,29.0
73,model_LinearSVC,test,imbalanced,tp,15.0
74,model_LinearSVC,train,imbalanced,tp,137.0
75,model_LinearSVC,val,imbalanced,tp,32.0
76,model_LinearSVC,test,imbalanced,tp,15.0
77,model_LinearSVC,train,SMOTE,tp,749.0
78,model_LinearSVC,val,SMOTE,tp,32.0
79,model_LinearSVC,test,SMOTE,tp,14.0
80,model_LinearSVC,train,SMOTE,tp,752.0
81,model_LinearSVC,val,SMOTE,tp,28.0
82,model_LinearSVC,test,SMOTE,tp,12.0
83,model_LinearSVC,train,SMOTE,tp,742.0
84,model_LinearSVC,val,SMOTE,tp,31.0
85,model_LinearSVC,test,SMOTE,tp,15.0
86,model_LinearSVC,train,SMOTE,tp,738.0
87,model_LinearSVC,val,SMOTE,tp,28.0
88,model_LinearSVC,test,SMOTE,tp,16.0
89,model_LinearSVC,train,SMOTE,tp,737.0
90,model_LinearSVC,val,SMOTE,tp,31.0
91,model_LinearSVC,test,SMOTE,tp,13.0
92,model_SVC,train,imbalanced,tp,127.0
93,model_SVC,val,imbalanced,tp,30.0
94,model_SVC,test,imbalanced,tp,16.0
95,model_SVC,train,imbalanced,tp,122.0
96,model_SVC,val,imbalanced,tp,31.0
97,model_SVC,test,imbalanced,tp,14.0
98,model_SVC,train,imbalanced,tp,114.0
99,model_SVC,val,imbalanced,tp,35.0
100,model_SVC,test,imbalanced,tp,15.0
101,model_SVC,train,imbalanced,tp,126.0
102,model_SVC,val,imbalanced,tp,30.0
103,model_SVC,test,imbalanced,tp,15.0
104,model_SVC,train,imbalanced,tp,123.0
105,model_SVC,val,imbalanced,tp,31.0
106,model_SVC,test,imbalanced,tp,14.0
107,model_SVC,train,SMOTE,tp,888.0
108,model_SVC,val,SMOTE,tp,1.0
109,model_SVC,test,SMOTE,tp,0.0
110,model_SVC,train,SMOTE,tp,888.0
111,model_SVC,val,SMOTE,tp,2.0
112,model_SVC,test,SMOTE,tp,0.0
113,model_SVC,train,SMOTE,tp,888.0
114,model_SVC,val,SMOTE,tp,4.0
115,model_SVC,test,SMOTE,tp,0.0
116,model_SVC,train,SMOTE,tp,888.0
117,model_SVC,val,SMOTE,tp,1.0
118,model_SVC,test,SMOTE,tp,0.0
119,model_SVC,train,SMOTE,tp,888.0
120,model_SVC,val,SMOTE,tp,2.0
121,model_SVC,test,SMOTE,tp,0.0
122,model_RandomForest,train,imbalanced,tp,142.0
123,model_RandomForest,val,imbalanced,tp,17.0
124,model_RandomForest,test,imbalanced,tp,4.0
125,model_RandomForest,train,imbalanced,tp,142.0
126,model_RandomForest,val,imbalanced,tp,19.0
127,model_RandomForest,test,imbalanced,tp,6.0
128,model_RandomForest,train,imbalanced,tp,138.0
129,model_RandomForest,val,imbalanced,tp,20.0
130,model_RandomForest,test,imbalanced,tp,3.0
131,model_RandomForest,train,imbalanced,tp,147.0
132,model_RandomForest,val,imbalanced,tp,16.0
133,model_RandomForest,test,imbalanced,tp,5.0
134,model_RandomForest,train,imbalanced,tp,141.0
135,model_RandomForest,val,imbalanced,tp,22.0
136,model_RandomForest,test,imbalanced,tp,3.0
137,model_RandomForest,train,SMOTE,tp,858.0
138,model_RandomForest,val,SMOTE,tp,12.0
139,model_RandomForest,test,SMOTE,tp,3.0
140,model_RandomForest,train,SMOTE,tp,860.0
141,model_RandomForest,val,SMOTE,tp,15.0
142,model_RandomForest,test,SMOTE,tp,3.0
143,model_RandomForest,train,SMOTE,tp,856.0
144,model_RandomForest,val,SMOTE,tp,13.0
145,model_RandomForest,test,SMOTE,tp,3.0
146,model_RandomForest,train,SMOTE,tp,855.0
147,model_RandomForest,val,SMOTE,tp,9.0
148,model_RandomForest,test,SMOTE,tp,2.0
149,model_RandomForest,train,SMOTE,tp,863.0
150,model_RandomForest,val,SMOTE,tp,11.0
151,model_RandomForest,test,SMOTE,tp,2.0
152,NN_weighted,train,imbalanced,tp,170.0
153,NN_weighted,val,imbalanced,tp,35.0
154,NN_weighted,test,imbalanced,tp,11.0
155,NN_weighted,train,imbalanced,tp,171.0
156,NN_weighted,val,imbalanced,tp,34.0
157,NN_weighted,test,imbalanced,tp,10.0
158,NN_weighted,train,imbalanced,tp,171.0
159,NN_weighted,val,imbalanced,tp,36.0
160,NN_weighted,test,imbalanced,tp,9.0
161,NN_weighted,train,imbalanced,tp,171.0
162,NN_weighted,val,imbalanced,tp,30.0
163,NN_weighted,test,imbalanced,tp,9.0
164,NN_weighted,train,imbalanced,tp,171.0
165,NN_weighted,val,imbalanced,tp,35.0
166,NN_weighted,test,imbalanced,tp,10.0
167,NN_weighted,train,imbalanced,tp,171.0
168,NN_weighted,val,imbalanced,tp,30.0
169,NN_weighted,test,imbalanced,tp,13.0
170,NN_weighted,train,SMOTE,tp,774.0
171,NN_weighted,val,SMOTE,tp,29.0
172,NN_weighted,test,SMOTE,tp,12.0
173,NN_weighted,train,SMOTE,tp,756.0
174,NN_weighted,val,SMOTE,tp,24.0
175,NN_weighted,test,SMOTE,tp,12.0
176,NN_weighted,train,SMOTE,tp,766.0
177,NN_weighted,val,SMOTE,tp,33.0
178,NN_weighted,test,SMOTE,tp,14.0
179,NN_weighted,train,SMOTE,tp,394.0
180,NN_weighted,val,SMOTE,tp,20.0
181,NN_weighted,test,SMOTE,tp,6.0
182,NN_weighted,train,SMOTE,tp,796.0
183,NN_weighted,val,SMOTE,tp,24.0
184,NN_weighted,test,SMOTE,tp,11.0
185,model_XGB,train,imbalanced,fp,0.0
186,model_XGB,val,imbalanced,fp,4.0
187,model_XGB,test,imbalanced,fp,1.0
188,model_XGB,train,imbalanced,fp,0.0
189,model_XGB,val,imbalanced,fp,6.0
190,model_XGB,test,imbalanced,fp,1.0
191,model_XGB,train,imbalanced,fp,0.0
192,model_XGB,val,imbalanced,fp,5.0
193,model_XGB,test,imbalanced,fp,1.0
194,model_XGB,train,imbalanced,fp,0.0
195,model_XGB,val,imbalanced,fp,4.0
196,model_XGB,test,imbalanced,fp,2.0
197,model_XGB,train,imbalanced,fp,0.0
198,model_XGB,val,imbalanced,fp,12.0
199,model_XGB,test,imbalanced,fp,5.0
200,model_XGB,train,SMOTE,fp,1.0
201,model_XGB,val,SMOTE,fp,0.0
202,model_XGB,test,SMOTE,fp,5.0
203,model_XGB,train,SMOTE,fp,1.0
204,model_XGB,val,SMOTE,fp,0.0
205,model_XGB,test,SMOTE,fp,2.0
206,model_XGB,train,SMOTE,fp,1.0
207,model_XGB,val,SMOTE,fp,0.0
208,model_XGB,test,SMOTE,fp,2.0
209,model_XGB,train,SMOTE,fp,1.0
210,model_XGB,val,SMOTE,fp,0.0
211,model_XGB,test,SMOTE,fp,2.0
212,model_XGB,train,SMOTE,fp,0.0
213,model_XGB,val,SMOTE,fp,0.0
214,model_XGB,test,SMOTE,fp,3.0
215,model_logistic,train,imbalanced,fp,175.0
216,model_logistic,val,imbalanced,fp,49.0
217,model_logistic,train,imbalanced,fp,175.0
218,model_logistic,val,imbalanced,fp,49.0
219,model_logistic,test,imbalanced,fp,20.0
220,model_logistic,train,imbalanced,fp,203.0
221,model_logistic,val,imbalanced,fp,44.0
222,model_logistic,test,imbalanced,fp,26.0
223,model_logistic,train,imbalanced,fp,196.0
224,model_logistic,val,imbalanced,fp,50.0
225,model_logistic,test,imbalanced,fp,20.0
226,model_logistic,train,imbalanced,fp,192.0
227,model_logistic,val,imbalanced,fp,48.0
228,model_logistic,test,imbalanced,fp,25.0
229,model_logistic,train,imbalanced,fp,205.0
230,model_logistic,val,imbalanced,fp,62.0
231,model_logistic,test,imbalanced,fp,23.0
232,model_logistic,train,SMOTE,fp,218.0
233,model_logistic,val,SMOTE,fp,49.0
234,model_logistic,test,SMOTE,fp,23.0
235,model_logistic,train,SMOTE,fp,216.0
236,model_logistic,val,SMOTE,fp,48.0
237,model_logistic,test,SMOTE,fp,23.0
238,model_logistic,train,SMOTE,fp,215.0
239,model_logistic,val,SMOTE,fp,48.0
240,model_logistic,test,SMOTE,fp,23.0
241,model_logistic,train,SMOTE,fp,213.0
242,model_logistic,val,SMOTE,fp,52.0
243,model_logistic,test,SMOTE,fp,23.0
244,model_logistic,train,SMOTE,fp,205.0
245,model_logistic,val,SMOTE,fp,61.0
246,model_logistic,test,SMOTE,fp,23.0
247,model_LinearSVC,train,imbalanced,fp,185.0
248,model_LinearSVC,val,imbalanced,fp,52.0
249,model_LinearSVC,test,imbalanced,fp,21.0
250,model_LinearSVC,train,imbalanced,fp,207.0
251,model_LinearSVC,val,imbalanced,fp,47.0
252,model_LinearSVC,test,imbalanced,fp,26.0
253,model_LinearSVC,train,imbalanced,fp,205.0
254,model_LinearSVC,val,imbalanced,fp,57.0
255,model_LinearSVC,test,imbalanced,fp,23.0
256,model_LinearSVC,train,imbalanced,fp,189.0
257,model_LinearSVC,val,imbalanced,fp,48.0
258,model_LinearSVC,test,imbalanced,fp,23.0
259,model_LinearSVC,train,imbalanced,fp,215.0
260,model_LinearSVC,val,imbalanced,fp,60.0
261,model_LinearSVC,test,imbalanced,fp,27.0
262,model_LinearSVC,train,SMOTE,fp,182.0
263,model_LinearSVC,val,SMOTE,fp,53.0
264,model_LinearSVC,test,SMOTE,fp,20.0
265,model_LinearSVC,train,SMOTE,fp,192.0
266,model_LinearSVC,val,SMOTE,fp,39.0
267,model_LinearSVC,test,SMOTE,fp,21.0
268,model_LinearSVC,train,SMOTE,fp,187.0
269,model_LinearSVC,val,SMOTE,fp,45.0
270,model_LinearSVC,test,SMOTE,fp,20.0
271,model_LinearSVC,train,SMOTE,fp,174.0
272,model_LinearSVC,val,SMOTE,fp,42.0
273,model_LinearSVC,test,SMOTE,fp,26.0
274,model_LinearSVC,train,SMOTE,fp,202.0
275,model_LinearSVC,val,SMOTE,fp,53.0
276,model_LinearSVC,test,SMOTE,fp,23.0
277,model_SVC,train,imbalanced,fp,216.0
278,model_SVC,val,imbalanced,fp,46.0
279,model_SVC,test,imbalanced,fp,27.0
280,model_SVC,train,imbalanced,fp,198.0
281,model_SVC,val,imbalanced,fp,48.0
282,model_SVC,test,imbalanced,fp,27.0
283,model_SVC,train,imbalanced,fp,229.0
284,model_SVC,val,imbalanced,fp,49.0
285,model_SVC,test,imbalanced,fp,28.0
286,model_SVC,train,imbalanced,fp,210.0
287,model_SVC,val,imbalanced,fp,53.0
288,model_SVC,test,imbalanced,fp,28.0
289,model_SVC,train,imbalanced,fp,205.0
290,model_SVC,val,imbalanced,fp,56.0
291,model_SVC,test,imbalanced,fp,26.0
292,model_SVC,train,SMOTE,fp,0.0
293,model_SVC,val,SMOTE,fp,1.0
294,model_SVC,test,SMOTE,fp,1.0
295,model_SVC,train,SMOTE,fp,0.0
296,model_SVC,val,SMOTE,fp,2.0
297,model_SVC,test,SMOTE,fp,0.0
298,model_SVC,train,SMOTE,fp,0.0
299,model_SVC,val,SMOTE,fp,0.0
300,model_SVC,test,SMOTE,fp,0.0
301,model_SVC,train,SMOTE,fp,0.0
302,model_SVC,val,SMOTE,fp,1.0
303,model_SVC,test,SMOTE,fp,1.0
304,model_SVC,train,SMOTE,fp,0.0
305,model_SVC,val,SMOTE,fp,1.0
306,model_SVC,test,SMOTE,fp,1.0
307,model_RandomForest,train,imbalanced,fp,31.0
308,model_RandomForest,val,imbalanced,fp,13.0
309,model_RandomForest,test,imbalanced,fp,9.0
310,model_RandomForest,train,imbalanced,fp,28.0
311,model_RandomForest,val,imbalanced,fp,11.0
312,model_RandomForest,test,imbalanced,fp,10.0
313,model_RandomForest,train,imbalanced,fp,23.0
314,model_RandomForest,val,imbalanced,fp,15.0
315,model_RandomForest,test,imbalanced,fp,7.0
316,model_RandomForest,train,imbalanced,fp,28.0
317,model_RandomForest,val,imbalanced,fp,13.0
318,model_RandomForest,test,imbalanced,fp,11.0
319,model_RandomForest,train,imbalanced,fp,23.0
320,model_RandomForest,val,imbalanced,fp,18.0
321,model_RandomForest,test,imbalanced,fp,10.0
322,model_RandomForest,train,SMOTE,fp,1.0
323,model_RandomForest,val,SMOTE,fp,6.0
324,model_RandomForest,test,SMOTE,fp,2.0
325,model_RandomForest,train,SMOTE,fp,0.0
326,model_RandomForest,val,SMOTE,fp,6.0
327,model_RandomForest,test,SMOTE,fp,1.0
328,model_RandomForest,train,SMOTE,fp,0.0
329,model_RandomForest,val,SMOTE,fp,2.0
330,model_RandomForest,test,SMOTE,fp,1.0
331,model_RandomForest,train,SMOTE,fp,2.0
332,model_RandomForest,val,SMOTE,fp,4.0
333,model_RandomForest,test,SMOTE,fp,2.0
334,model_RandomForest,train,SMOTE,fp,0.0
335,model_RandomForest,val,SMOTE,fp,3.0
336,model_RandomForest,test,SMOTE,fp,4.0
337,NN_weighted,train,imbalanced,fp,887.0
338,NN_weighted,val,imbalanced,fp,35.0
339,NN_weighted,test,imbalanced,fp,17.0
340,NN_weighted,train,imbalanced,fp,888.0
341,NN_weighted,val,imbalanced,fp,38.0
342,NN_weighted,test,imbalanced,fp,15.0
343,NN_weighted,train,imbalanced,fp,888.0
344,NN_weighted,val,imbalanced,fp,29.0
345,NN_weighted,test,imbalanced,fp,20.0
346,NN_weighted,train,imbalanced,fp,888.0
347,NN_weighted,val,imbalanced,fp,20.0
348,NN_weighted,test,imbalanced,fp,11.0
349,NN_weighted,train,imbalanced,fp,888.0
350,NN_weighted,val,imbalanced,fp,30.0
351,NN_weighted,test,imbalanced,fp,15.0
352,NN_weighted,train,imbalanced,fp,888.0
353,NN_weighted,val,imbalanced,fp,28.0
354,NN_weighted,test,imbalanced,fp,15.0
355,NN_weighted,train,SMOTE,fp,137.0
356,NN_weighted,val,SMOTE,fp,33.0
357,NN_weighted,test,SMOTE,fp,19.0
358,NN_weighted,train,SMOTE,fp,150.0
359,NN_weighted,val,SMOTE,fp,38.0
360,NN_weighted,test,SMOTE,fp,15.0
361,NN_weighted,train,SMOTE,fp,151.0
362,NN_weighted,val,SMOTE,fp,39.0
363,NN_weighted,test,SMOTE,fp,17.0
364,NN_weighted,train,SMOTE,fp,38.0
365,NN_weighted,val,SMOTE,fp,15.0
366,NN_weighted,test,SMOTE,fp,6.0
367,NN_weighted,train,SMOTE,fp,132.0
368,NN_weighted,val,SMOTE,fp,34.0
369,NN_weighted,test,SMOTE,fp,17.0
370,model_XGB,train,imbalanced,tn,888.0
371,model_XGB,val,imbalanced,tn,218.0
372,model_XGB,test,imbalanced,tn,122.0
373,model_XGB,train,imbalanced,tn,888.0
374,model_XGB,val,imbalanced,tn,216.0
375,model_XGB,test,imbalanced,tn,122.0
376,model_XGB,train,imbalanced,tn,888.0
377,model_XGB,val,imbalanced,tn,217.0
378,model_XGB,test,imbalanced,tn,122.0
379,model_XGB,train,imbalanced,tn,888.0
380,model_XGB,val,imbalanced,tn,218.0
381,model_XGB,test,imbalanced,tn,121.0
382,model_XGB,train,imbalanced,tn,888.0
383,model_XGB,val,imbalanced,tn,210.0
384,model_XGB,test,imbalanced,tn,118.0
385,model_XGB,train,SMOTE,tn,887.0
386,model_XGB,val,SMOTE,tn,222.0
387,model_XGB,test,SMOTE,tn,118.0
388,model_XGB,train,SMOTE,tn,887.0
389,model_XGB,val,SMOTE,tn,222.0
390,model_XGB,test,SMOTE,tn,121.0
391,model_XGB,train,SMOTE,tn,887.0
392,model_XGB,val,SMOTE,tn,222.0
393,model_XGB,test,SMOTE,tn,121.0
394,model_XGB,train,SMOTE,tn,887.0
395,model_XGB,val,SMOTE,tn,222.0
396,model_XGB,test,SMOTE,tn,121.0
397,model_XGB,train,SMOTE,tn,888.0
398,model_XGB,val,SMOTE,tn,222.0
399,model_XGB,test,SMOTE,tn,120.0
400,model_logistic,train,imbalanced,tn,713.0
401,model_logistic,val,imbalanced,tn,173.0
402,model_logistic,train,imbalanced,tn,713.0
403,model_logistic,val,imbalanced,tn,173.0
404,model_logistic,test,imbalanced,tn,103.0
405,model_logistic,train,imbalanced,tn,685.0
406,model_logistic,val,imbalanced,tn,178.0
407,model_logistic,test,imbalanced,tn,97.0
408,model_logistic,train,imbalanced,tn,692.0
409,model_logistic,val,imbalanced,tn,172.0
410,model_logistic,test,imbalanced,tn,103.0
411,model_logistic,train,imbalanced,tn,696.0
412,model_logistic,val,imbalanced,tn,174.0
413,model_logistic,test,imbalanced,tn,98.0
414,model_logistic,train,imbalanced,tn,683.0
415,model_logistic,val,imbalanced,tn,160.0
416,model_logistic,test,imbalanced,tn,100.0
417,model_logistic,train,SMOTE,tn,670.0
418,model_logistic,val,SMOTE,tn,173.0
419,model_logistic,test,SMOTE,tn,100.0
420,model_logistic,train,SMOTE,tn,672.0
421,model_logistic,val,SMOTE,tn,174.0
422,model_logistic,test,SMOTE,tn,100.0
423,model_logistic,train,SMOTE,tn,673.0
424,model_logistic,val,SMOTE,tn,174.0
425,model_logistic,test,SMOTE,tn,100.0
426,model_logistic,train,SMOTE,tn,675.0
427,model_logistic,val,SMOTE,tn,170.0
428,model_logistic,test,SMOTE,tn,100.0
429,model_logistic,train,SMOTE,tn,683.0
430,model_logistic,val,SMOTE,tn,161.0
431,model_logistic,test,SMOTE,tn,100.0
432,model_LinearSVC,train,imbalanced,tn,703.0
433,model_LinearSVC,val,imbalanced,tn,170.0
434,model_LinearSVC,test,imbalanced,tn,102.0
435,model_LinearSVC,train,imbalanced,tn,681.0
436,model_LinearSVC,val,imbalanced,tn,175.0
437,model_LinearSVC,test,imbalanced,tn,97.0
438,model_LinearSVC,train,imbalanced,tn,683.0
439,model_LinearSVC,val,imbalanced,tn,165.0
440,model_LinearSVC,test,imbalanced,tn,100.0
441,model_LinearSVC,train,imbalanced,tn,699.0
442,model_LinearSVC,val,imbalanced,tn,174.0
443,model_LinearSVC,test,imbalanced,tn,100.0
444,model_LinearSVC,train,imbalanced,tn,673.0
445,model_LinearSVC,val,imbalanced,tn,162.0
446,model_LinearSVC,test,imbalanced,tn,96.0
447,model_LinearSVC,train,SMOTE,tn,706.0
448,model_LinearSVC,val,SMOTE,tn,169.0
449,model_LinearSVC,test,SMOTE,tn,103.0
450,model_LinearSVC,train,SMOTE,tn,696.0
451,model_LinearSVC,val,SMOTE,tn,183.0
452,model_LinearSVC,test,SMOTE,tn,102.0
453,model_LinearSVC,train,SMOTE,tn,701.0
454,model_LinearSVC,val,SMOTE,tn,177.0
455,model_LinearSVC,test,SMOTE,tn,103.0
456,model_LinearSVC,train,SMOTE,tn,714.0
457,model_LinearSVC,val,SMOTE,tn,180.0
458,model_LinearSVC,test,SMOTE,tn,97.0
459,model_LinearSVC,train,SMOTE,tn,686.0
460,model_LinearSVC,val,SMOTE,tn,169.0
461,model_LinearSVC,test,SMOTE,tn,100.0
462,model_SVC,train,imbalanced,tn,672.0
463,model_SVC,val,imbalanced,tn,176.0
464,model_SVC,test,imbalanced,tn,96.0
465,model_SVC,train,imbalanced,tn,690.0
466,model_SVC,val,imbalanced,tn,174.0
467,model_SVC,test,imbalanced,tn,96.0
468,model_SVC,train,imbalanced,tn,659.0
469,model_SVC,val,imbalanced,tn,173.0
470,model_SVC,test,imbalanced,tn,95.0
471,model_SVC,train,imbalanced,tn,678.0
472,model_SVC,val,imbalanced,tn,169.0
473,model_SVC,test,imbalanced,tn,95.0
474,model_SVC,train,imbalanced,tn,683.0
475,model_SVC,val,imbalanced,tn,166.0
476,model_SVC,test,imbalanced,tn,97.0
477,model_SVC,train,SMOTE,tn,888.0
478,model_SVC,val,SMOTE,tn,221.0
479,model_SVC,test,SMOTE,tn,122.0
480,model_SVC,train,SMOTE,tn,888.0
481,model_SVC,val,SMOTE,tn,220.0
482,model_SVC,test,SMOTE,tn,123.0
483,model_SVC,train,SMOTE,tn,888.0
484,model_SVC,val,SMOTE,tn,222.0
485,model_SVC,test,SMOTE,tn,123.0
486,model_SVC,train,SMOTE,tn,888.0
487,model_SVC,val,SMOTE,tn,221.0
488,model_SVC,test,SMOTE,tn,122.0
489,model_SVC,train,SMOTE,tn,888.0
490,model_SVC,val,SMOTE,tn,221.0
491,model_SVC,test,SMOTE,tn,122.0
492,model_RandomForest,train,imbalanced,tn,857.0
493,model_RandomForest,val,imbalanced,tn,209.0
494,model_RandomForest,test,imbalanced,tn,114.0
495,model_RandomForest,train,imbalanced,tn,860.0
496,model_RandomForest,val,imbalanced,tn,211.0
497,model_RandomForest,test,imbalanced,tn,113.0
498,model_RandomForest,train,imbalanced,tn,865.0
499,model_RandomForest,val,imbalanced,tn,207.0
500,model_RandomForest,test,imbalanced,tn,116.0
501,model_RandomForest,train,imbalanced,tn,860.0
502,model_RandomForest,val,imbalanced,tn,209.0
503,model_RandomForest,test,imbalanced,tn,112.0
504,model_RandomForest,train,imbalanced,tn,865.0
505,model_RandomForest,val,imbalanced,tn,204.0
506,model_RandomForest,test,imbalanced,tn,113.0
507,model_RandomForest,train,SMOTE,tn,887.0
508,model_RandomForest,val,SMOTE,tn,216.0
509,model_RandomForest,test,SMOTE,tn,121.0
510,model_RandomForest,train,SMOTE,tn,888.0
511,model_RandomForest,val,SMOTE,tn,216.0
512,model_RandomForest,test,SMOTE,tn,122.0
513,model_RandomForest,train,SMOTE,tn,888.0
514,model_RandomForest,val,SMOTE,tn,220.0
515,model_RandomForest,test,SMOTE,tn,122.0
516,model_RandomForest,train,SMOTE,tn,886.0
517,model_RandomForest,val,SMOTE,tn,218.0
518,model_RandomForest,test,SMOTE,tn,121.0
519,model_RandomForest,train,SMOTE,tn,888.0
520,model_RandomForest,val,SMOTE,tn,219.0
521,model_RandomForest,test,SMOTE,tn,119.0
522,NN_weighted,train,imbalanced,tn,1.0
523,NN_weighted,val,imbalanced,tn,187.0
524,NN_weighted,test,imbalanced,tn,106.0
525,NN_weighted,train,imbalanced,tn,0.0
526,NN_weighted,val,imbalanced,tn,184.0
527,NN_weighted,test,imbalanced,tn,108.0
528,NN_weighted,train,imbalanced,tn,0.0
529,NN_weighted,val,imbalanced,tn,193.0
530,NN_weighted,test,imbalanced,tn,103.0
531,NN_weighted,train,imbalanced,tn,0.0
532,NN_weighted,val,imbalanced,tn,202.0
533,NN_weighted,test,imbalanced,tn,112.0
534,NN_weighted,train,imbalanced,tn,0.0
535,NN_weighted,val,imbalanced,tn,192.0
536,NN_weighted,test,imbalanced,tn,108.0
537,NN_weighted,train,imbalanced,tn,0.0
538,NN_weighted,val,imbalanced,tn,194.0
539,NN_weighted,test,imbalanced,tn,108.0
540,NN_weighted,train,SMOTE,tn,751.0
541,NN_weighted,val,SMOTE,tn,189.0
542,NN_weighted,test,SMOTE,tn,104.0
543,NN_weighted,train,SMOTE,tn,738.0
544,NN_weighted,val,SMOTE,tn,184.0
545,NN_weighted,test,SMOTE,tn,108.0
546,NN_weighted,train,SMOTE,tn,737.0
547,NN_weighted,val,SMOTE,tn,183.0
548,NN_weighted,test,SMOTE,tn,106.0
549,NN_weighted,train,SMOTE,tn,850.0
550,NN_weighted,val,SMOTE,tn,207.0
551,NN_weighted,test,SMOTE,tn,117.0
552,NN_weighted,train,SMOTE,tn,756.0
553,NN_weighted,val,SMOTE,tn,188.0
554,NN_weighted,test,SMOTE,tn,106.0
555,model_XGB,train,imbalanced,fn,0.0
556,model_XGB,val,imbalanced,fn,28.0
557,model_XGB,test,imbalanced,fn,19.0
558,model_XGB,train,imbalanced,fn,0.0
559,model_XGB,val,imbalanced,fn,29.0
560,model_XGB,test,imbalanced,fn,19.0
561,model_XGB,train,imbalanced,fn,0.0
562,model_XGB,val,imbalanced,fn,30.0
563,model_XGB,test,imbalanced,fn,19.0
564,model_XGB,train,imbalanced,fn,0.0
565,model_XGB,val,imbalanced,fn,32.0
566,model_XGB,test,imbalanced,fn,20.0
567,model_XGB,train,imbalanced,fn,0.0
568,model_XGB,val,imbalanced,fn,29.0
569,model_XGB,test,imbalanced,fn,19.0
570,model_XGB,train,SMOTE,fn,22.0
571,model_XGB,val,SMOTE,fn,42.0
572,model_XGB,test,SMOTE,fn,18.0
573,model_XGB,train,SMOTE,fn,22.0
574,model_XGB,val,SMOTE,fn,43.0
575,model_XGB,test,SMOTE,fn,17.0
576,model_XGB,train,SMOTE,fn,27.0
577,model_XGB,val,SMOTE,fn,43.0
578,model_XGB,test,SMOTE,fn,21.0
579,model_XGB,train,SMOTE,fn,21.0
580,model_XGB,val,SMOTE,fn,41.0
581,model_XGB,test,SMOTE,fn,19.0
582,model_XGB,train,SMOTE,fn,18.0
583,model_XGB,val,SMOTE,fn,40.0
584,model_XGB,test,SMOTE,fn,20.0
585,model_logistic,train,imbalanced,fn,34.0
586,model_logistic,val,imbalanced,fn,12.0
587,model_logistic,train,imbalanced,fn,34.0
588,model_logistic,val,imbalanced,fn,12.0
589,model_logistic,test,imbalanced,fn,11.0
590,model_logistic,train,imbalanced,fn,36.0
591,model_logistic,val,imbalanced,fn,14.0
592,model_logistic,test,imbalanced,fn,11.0
593,model_logistic,train,imbalanced,fn,37.0
594,model_logistic,val,imbalanced,fn,9.0
595,model_logistic,test,imbalanced,fn,9.0
596,model_logistic,train,imbalanced,fn,34.0
597,model_logistic,val,imbalanced,fn,14.0
598,model_logistic,test,imbalanced,fn,9.0
599,model_logistic,train,imbalanced,fn,35.0
600,model_logistic,val,imbalanced,fn,7.0
601,model_logistic,test,imbalanced,fn,9.0
602,model_logistic,train,SMOTE,fn,143.0
603,model_logistic,val,SMOTE,fn,9.0
604,model_logistic,test,SMOTE,fn,9.0
605,model_logistic,train,SMOTE,fn,155.0
606,model_logistic,val,SMOTE,fn,10.0
607,model_logistic,test,SMOTE,fn,9.0
608,model_logistic,train,SMOTE,fn,138.0
609,model_logistic,val,SMOTE,fn,10.0
610,model_logistic,test,SMOTE,fn,9.0
611,model_logistic,train,SMOTE,fn,146.0
612,model_logistic,val,SMOTE,fn,10.0
613,model_logistic,test,SMOTE,fn,9.0
614,model_logistic,train,SMOTE,fn,157.0
615,model_logistic,val,SMOTE,fn,7.0
616,model_logistic,test,SMOTE,fn,9.0
617,model_LinearSVC,train,imbalanced,fn,32.0
618,model_LinearSVC,val,imbalanced,fn,11.0
619,model_LinearSVC,test,imbalanced,fn,10.0
620,model_LinearSVC,train,imbalanced,fn,31.0
621,model_LinearSVC,val,imbalanced,fn,14.0
622,model_LinearSVC,test,imbalanced,fn,11.0
623,model_LinearSVC,train,imbalanced,fn,33.0
624,model_LinearSVC,val,imbalanced,fn,9.0
625,model_LinearSVC,test,imbalanced,fn,10.0
626,model_LinearSVC,train,imbalanced,fn,30.0
627,model_LinearSVC,val,imbalanced,fn,13.0
628,model_LinearSVC,test,imbalanced,fn,9.0
629,model_LinearSVC,train,imbalanced,fn,34.0
630,model_LinearSVC,val,imbalanced,fn,10.0
631,model_LinearSVC,test,imbalanced,fn,9.0
632,model_LinearSVC,train,SMOTE,fn,139.0
633,model_LinearSVC,val,SMOTE,fn,11.0
634,model_LinearSVC,test,SMOTE,fn,10.0
635,model_LinearSVC,train,SMOTE,fn,136.0
636,model_LinearSVC,val,SMOTE,fn,15.0
637,model_LinearSVC,test,SMOTE,fn,12.0
638,model_LinearSVC,train,SMOTE,fn,146.0
639,model_LinearSVC,val,SMOTE,fn,12.0
640,model_LinearSVC,test,SMOTE,fn,9.0
641,model_LinearSVC,train,SMOTE,fn,150.0
642,model_LinearSVC,val,SMOTE,fn,14.0
643,model_LinearSVC,test,SMOTE,fn,8.0
644,model_LinearSVC,train,SMOTE,fn,151.0
645,model_LinearSVC,val,SMOTE,fn,11.0
646,model_LinearSVC,test,SMOTE,fn,11.0
647,model_SVC,train,imbalanced,fn,43.0
648,model_SVC,val,imbalanced,fn,13.0
649,model_SVC,test,imbalanced,fn,8.0
650,model_SVC,train,imbalanced,fn,48.0
651,model_SVC,val,imbalanced,fn,12.0
652,model_SVC,test,imbalanced,fn,10.0
653,model_SVC,train,imbalanced,fn,56.0
654,model_SVC,val,imbalanced,fn,8.0
655,model_SVC,test,imbalanced,fn,9.0
656,model_SVC,train,imbalanced,fn,45.0
657,model_SVC,val,imbalanced,fn,12.0
658,model_SVC,test,imbalanced,fn,9.0
659,model_SVC,train,imbalanced,fn,48.0
660,model_SVC,val,imbalanced,fn,11.0
661,model_SVC,test,imbalanced,fn,10.0
662,model_SVC,train,SMOTE,fn,0.0
663,model_SVC,val,SMOTE,fn,42.0
664,model_SVC,test,SMOTE,fn,24.0
665,model_SVC,train,SMOTE,fn,0.0
666,model_SVC,val,SMOTE,fn,41.0
667,model_SVC,test,SMOTE,fn,24.0
668,model_SVC,train,SMOTE,fn,0.0
669,model_SVC,val,SMOTE,fn,39.0
670,model_SVC,test,SMOTE,fn,24.0
671,model_SVC,train,SMOTE,fn,0.0
672,model_SVC,val,SMOTE,fn,41.0
673,model_SVC,test,SMOTE,fn,24.0
674,model_SVC,train,SMOTE,fn,0.0
675,model_SVC,val,SMOTE,fn,40.0
676,model_SVC,test,SMOTE,fn,24.0
677,model_RandomForest,train,imbalanced,fn,28.0
678,model_RandomForest,val,imbalanced,fn,26.0
679,model_RandomForest,test,imbalanced,fn,20.0
680,model_RandomForest,train,imbalanced,fn,28.0
681,model_RandomForest,val,imbalanced,fn,24.0
682,model_RandomForest,test,imbalanced,fn,18.0
683,model_RandomForest,train,imbalanced,fn,32.0
684,model_RandomForest,val,imbalanced,fn,23.0
685,model_RandomForest,test,imbalanced,fn,21.0
686,model_RandomForest,train,imbalanced,fn,24.0
687,model_RandomForest,val,imbalanced,fn,26.0
688,model_RandomForest,test,imbalanced,fn,19.0
689,model_RandomForest,train,imbalanced,fn,30.0
690,model_RandomForest,val,imbalanced,fn,20.0
691,model_RandomForest,test,imbalanced,fn,21.0
692,model_RandomForest,train,SMOTE,fn,30.0
693,model_RandomForest,val,SMOTE,fn,31.0
694,model_RandomForest,test,SMOTE,fn,21.0
695,model_RandomForest,train,SMOTE,fn,28.0
696,model_RandomForest,val,SMOTE,fn,28.0
697,model_RandomForest,test,SMOTE,fn,21.0
698,model_RandomForest,train,SMOTE,fn,32.0
699,model_RandomForest,val,SMOTE,fn,30.0
700,model_RandomForest,test,SMOTE,fn,21.0
701,model_RandomForest,train,SMOTE,fn,33.0
702,model_RandomForest,val,SMOTE,fn,33.0
703,model_RandomForest,test,SMOTE,fn,22.0
704,model_RandomForest,train,SMOTE,fn,25.0
705,model_RandomForest,val,SMOTE,fn,31.0
706,model_RandomForest,test,SMOTE,fn,22.0
707,NN_weighted,train,imbalanced,fn,1.0
708,NN_weighted,val,imbalanced,fn,7.0
709,NN_weighted,test,imbalanced,fn,13.0
710,NN_weighted,train,imbalanced,fn,0.0
711,NN_weighted,val,imbalanced,fn,8.0
712,NN_weighted,test,imbalanced,fn,14.0
713,NN_weighted,train,imbalanced,fn,0.0
714,NN_weighted,val,imbalanced,fn,6.0
715,NN_weighted,test,imbalanced,fn,15.0
716,NN_weighted,train,imbalanced,fn,0.0
717,NN_weighted,val,imbalanced,fn,12.0
718,NN_weighted,test,imbalanced,fn,15.0
719,NN_weighted,train,imbalanced,fn,0.0
720,NN_weighted,val,imbalanced,fn,7.0
721,NN_weighted,test,imbalanced,fn,14.0
722,NN_weighted,train,imbalanced,fn,0.0
723,NN_weighted,val,imbalanced,fn,12.0
724,NN_weighted,test,imbalanced,fn,11.0
725,NN_weighted,train,SMOTE,fn,114.0
726,NN_weighted,val,SMOTE,fn,14.0
727,NN_weighted,test,SMOTE,fn,12.0
728,NN_weighted,train,SMOTE,fn,132.0
729,NN_weighted,val,SMOTE,fn,19.0
730,NN_weighted,test,SMOTE,fn,12.0
731,NN_weighted,train,SMOTE,fn,122.0
732,NN_weighted,val,SMOTE,fn,10.0
733,NN_weighted,test,SMOTE,fn,10.0
734,NN_weighted,train,SMOTE,fn,494.0
735,NN_weighted,val,SMOTE,fn,22.0
736,NN_weighted,test,SMOTE,fn,18.0
737,NN_weighted,train,SMOTE,fn,92.0
738,NN_weighted,val,SMOTE,fn,18.0
739,NN_weighted,test,SMOTE,fn,13.0
740,model_XGB,train,imbalanced,bal_acc,1.0
741,model_XGB,val,imbalanced,bal_acc,0.6654095956421537
742,model_XGB,test,imbalanced,bal_acc,0.6001016260162602
743,model_XGB,train,imbalanced,bal_acc,1.0
744,model_XGB,val,imbalanced,bal_acc,0.6492771841609051
745,model_XGB,test,imbalanced,bal_acc,0.6001016260162602
746,model_XGB,train,imbalanced,bal_acc,1.0
747,model_XGB,val,imbalanced,bal_acc,0.6399015294364132
748,model_XGB,test,imbalanced,bal_acc,0.6001016260162602
749,model_XGB,train,imbalanced,bal_acc,1.0
750,model_XGB,val,imbalanced,bal_acc,0.61003861003861
751,model_XGB,test,imbalanced,bal_acc,0.5752032520325203
752,model_XGB,train,imbalanced,bal_acc,1.0
753,model_XGB,val,imbalanced,bal_acc,0.6277348777348777
754,model_XGB,test,imbalanced,bal_acc,0.5838414634146342
755,model_XGB,train,SMOTE,bal_acc,0.9870495495495495
756,model_XGB,val,SMOTE,bal_acc,0.5116279069767442
757,model_XGB,test,SMOTE,bal_acc,0.6046747967479675
758,model_XGB,train,SMOTE,bal_acc,0.9870495495495495
759,model_XGB,val,SMOTE,bal_acc,0.5
760,model_XGB,test,SMOTE,bal_acc,0.6377032520325203
761,model_XGB,train,SMOTE,bal_acc,0.9842342342342343
762,model_XGB,val,SMOTE,bal_acc,0.5
763,model_XGB,test,SMOTE,bal_acc,0.5543699186991871
764,model_XGB,train,SMOTE,bal_acc,0.9876126126126126
765,model_XGB,val,SMOTE,bal_acc,0.5119047619047619
766,model_XGB,test,SMOTE,bal_acc,0.5960365853658537
767,model_XGB,train,SMOTE,bal_acc,0.9898648648648649
768,model_XGB,val,SMOTE,bal_acc,0.5238095238095238
769,model_XGB,test,SMOTE,bal_acc,0.5711382113821138
770,model_logistic,train,imbalanced,bal_acc,0.801463963963964
771,model_logistic,val,imbalanced,bal_acc,0.7501047559187094
772,model_logistic,train,imbalanced,bal_acc,0.801463963963964
773,model_logistic,val,imbalanced,bal_acc,0.7501047559187094
774,model_logistic,test,imbalanced,bal_acc,0.6895325203252032
775,model_logistic,train,imbalanced,bal_acc,0.7798158452570216
776,model_logistic,val,imbalanced,bal_acc,0.7381102032264824
777,model_logistic,test,imbalanced,bal_acc,0.6651422764227641
778,model_logistic,train,imbalanced,bal_acc,0.780816110227875
779,model_logistic,val,imbalanced,bal_acc,0.7827362245966897
780,model_logistic,test,imbalanced,bal_acc,0.7311991869918699
781,model_logistic,train,imbalanced,bal_acc,0.7924766872135294
782,model_logistic,val,imbalanced,bal_acc,0.7252252252252251
783,model_logistic,test,imbalanced,bal_acc,0.7108739837398375
784,model_logistic,train,imbalanced,bal_acc,0.7822328907855223
785,model_logistic,val,imbalanced,bal_acc,0.777027027027027
786,model_logistic,test,imbalanced,bal_acc,0.7190040650406504
787,model_logistic,train,SMOTE,bal_acc,0.7967342342342343
788,model_logistic,val,SMOTE,bal_acc,0.7849884768489419
789,model_logistic,test,SMOTE,bal_acc,0.7190040650406504
790,model_logistic,train,SMOTE,bal_acc,0.7911036036036037
791,model_logistic,val,SMOTE,bal_acc,0.77561282212445
792,model_logistic,test,SMOTE,bal_acc,0.7190040650406504
793,model_logistic,train,SMOTE,bal_acc,0.8012387387387387
794,model_logistic,val,SMOTE,bal_acc,0.77561282212445
795,model_logistic,test,SMOTE,bal_acc,0.7190040650406504
796,model_logistic,train,SMOTE,bal_acc,0.7978603603603603
797,model_logistic,val,SMOTE,bal_acc,0.7638352638352638
798,model_logistic,test,SMOTE,bal_acc,0.7190040650406504
799,model_logistic,train,SMOTE,bal_acc,0.7961711711711712
800,model_logistic,val,SMOTE,bal_acc,0.7792792792792793
801,model_logistic,test,SMOTE,bal_acc,0.7190040650406504
802,model_LinearSVC,train,imbalanced,bal_acc,0.8017156862745098
803,model_LinearSVC,val,imbalanced,bal_acc,0.7549759061386968
804,model_LinearSVC,test,imbalanced,bal_acc,0.7063008130081301
805,model_LinearSVC,train,imbalanced,bal_acc,0.7922694753577106
806,model_LinearSVC,val,imbalanced,bal_acc,0.7313534464697256
807,model_LinearSVC,test,imbalanced,bal_acc,0.6651422764227641
808,model_LinearSVC,train,imbalanced,bal_acc,0.7875132485426604
809,model_LinearSVC,val,imbalanced,bal_acc,0.7669704588309239
810,model_LinearSVC,test,imbalanced,bal_acc,0.6981707317073171
811,model_LinearSVC,train,imbalanced,bal_acc,0.805861782835467
812,model_LinearSVC,val,imbalanced,bal_acc,0.7371299871299871
813,model_LinearSVC,test,imbalanced,bal_acc,0.7190040650406504
814,model_LinearSVC,train,imbalanced,bal_acc,0.7795262367630789
815,model_LinearSVC,val,imbalanced,bal_acc,0.7458172458172458
816,model_LinearSVC,test,imbalanced,bal_acc,0.7027439024390244
817,model_LinearSVC,train,SMOTE,bal_acc,0.8192567567567568
818,model_LinearSVC,val,SMOTE,bal_acc,0.7527236538864446
819,model_LinearSVC,test,SMOTE,bal_acc,0.7103658536585367
820,model_LinearSVC,train,SMOTE,bal_acc,0.8153153153153153
821,model_LinearSVC,val,SMOTE,bal_acc,0.7377435575109994
822,model_LinearSVC,test,SMOTE,bal_acc,0.6646341463414633
823,model_LinearSVC,train,SMOTE,bal_acc,0.8125
824,model_LinearSVC,val,SMOTE,bal_acc,0.7591137649277184
825,model_LinearSVC,test,SMOTE,bal_acc,0.7311991869918699
826,model_LinearSVC,train,SMOTE,bal_acc,0.8175675675675675
827,model_LinearSVC,val,SMOTE,bal_acc,0.7387387387387387
828,model_LinearSVC,test,SMOTE,bal_acc,0.7276422764227641
829,model_LinearSVC,train,SMOTE,bal_acc,0.8012387387387387
830,model_LinearSVC,val,SMOTE,bal_acc,0.7496782496782497
831,model_LinearSVC,test,SMOTE,bal_acc,0.6773373983739837
832,model_SVC,train,imbalanced,bal_acc,0.7519077901430843
833,model_SVC,val,imbalanced,bal_acc,0.745233605698722
834,model_SVC,test,imbalanced,bal_acc,0.7235772357723578
835,model_SVC,train,imbalanced,bal_acc,0.7473370429252781
836,model_SVC,val,imbalanced,bal_acc,0.7523570081709616
837,model_SVC,test,imbalanced,bal_acc,0.681910569105691
838,model_SVC,train,imbalanced,bal_acc,0.7063526762056174
839,model_SVC,val,imbalanced,bal_acc,0.7966163838256861
840,model_SVC,test,imbalanced,bal_acc,0.6986788617886179
841,model_SVC,train,imbalanced,bal_acc,0.7501778093883357
842,model_SVC,val,imbalanced,bal_acc,0.7377734877734878
843,model_SVC,test,imbalanced,bal_acc,0.6986788617886179
844,model_SVC,train,imbalanced,bal_acc,0.7442211948790896
845,model_SVC,val,imbalanced,bal_acc,0.7429214929214929
846,model_SVC,test,imbalanced,bal_acc,0.6859756097560976
847,model_SVC,train,SMOTE,bal_acc,1.0
848,model_SVC,val,SMOTE,bal_acc,0.509375654724492
849,model_SVC,test,SMOTE,bal_acc,0.4959349593495935
850,model_SVC,train,SMOTE,bal_acc,1.0
851,model_SVC,val,SMOTE,bal_acc,0.5187513094489838
852,model_SVC,test,SMOTE,bal_acc,0.5
853,model_SVC,train,SMOTE,bal_acc,1.0
854,model_SVC,val,SMOTE,bal_acc,0.5465116279069767
855,model_SVC,test,SMOTE,bal_acc,0.5
856,model_SVC,train,SMOTE,bal_acc,1.0
857,model_SVC,val,SMOTE,bal_acc,0.5096525096525096
858,model_SVC,test,SMOTE,bal_acc,0.4959349593495935
859,model_SVC,train,SMOTE,bal_acc,1.0
860,model_SVC,val,SMOTE,bal_acc,0.5215572715572716
861,model_SVC,test,SMOTE,bal_acc,0.4959349593495935
862,model_RandomForest,train,imbalanced,bal_acc,0.9001921038685745
863,model_RandomForest,val,imbalanced,bal_acc,0.6683951393253719
864,model_RandomForest,test,imbalanced,bal_acc,0.5467479674796748
865,model_RandomForest,train,imbalanced,bal_acc,0.9018812930577637
866,model_RandomForest,val,imbalanced,bal_acc,0.6961554577833647
867,model_RandomForest,test,imbalanced,bal_acc,0.584349593495935
868,model_RandomForest,train,imbalanced,bal_acc,0.8929319024907261
869,model_RandomForest,val,imbalanced,bal_acc,0.6987743557510999
870,model_RandomForest,test,imbalanced,bal_acc,0.5340447154471545
871,model_RandomForest,train,imbalanced,bal_acc,0.9140587956377431
872,model_RandomForest,val,imbalanced,bal_acc,0.6611969111969112
873,model_RandomForest,test,imbalanced,bal_acc,0.5594512195121951
874,model_RandomForest,train,imbalanced,bal_acc,0.8993302513039355
875,model_RandomForest,val,imbalanced,bal_acc,0.7213642213642214
876,model_RandomForest,test,imbalanced,bal_acc,0.521849593495935
877,model_RandomForest,train,SMOTE,bal_acc,0.982545045045045
878,model_RandomForest,val,SMOTE,bal_acc,0.6260213702074168
879,model_RandomForest,test,SMOTE,bal_acc,0.5543699186991871
880,model_RandomForest,train,SMOTE,bal_acc,0.9842342342342343
881,model_RandomForest,val,SMOTE,bal_acc,0.6609050911376493
882,model_RandomForest,test,SMOTE,bal_acc,0.5584349593495934
883,model_RandomForest,train,SMOTE,bal_acc,0.9819819819819819
884,model_RandomForest,val,SMOTE,bal_acc,0.6466582861931699
885,model_RandomForest,test,SMOTE,bal_acc,0.5584349593495934
886,model_RandomForest,train,SMOTE,bal_acc,0.9802927927927928
887,model_RandomForest,val,SMOTE,bal_acc,0.5981338481338481
888,model_RandomForest,test,SMOTE,bal_acc,0.5335365853658537
889,model_RandomForest,train,SMOTE,bal_acc,0.9859234234234234
890,model_RandomForest,val,SMOTE,bal_acc,0.6241956241956242
891,model_RandomForest,test,SMOTE,bal_acc,0.5254065040650406
892,NN_weighted,train,imbalanced,bal_acc,0.4976390864548759
893,NN_weighted,val,imbalanced,bal_acc,0.8378378378378378
894,NN_weighted,test,imbalanced,bal_acc,0.6600609756097561
895,NN_weighted,train,imbalanced,bal_acc,0.5
896,NN_weighted,val,imbalanced,bal_acc,0.8191763191763192
897,NN_weighted,test,imbalanced,bal_acc,0.6473577235772358
898,NN_weighted,train,imbalanced,bal_acc,0.5
899,NN_weighted,val,imbalanced,bal_acc,0.8632561132561132
900,NN_weighted,test,imbalanced,bal_acc,0.6061991869918699
901,NN_weighted,train,imbalanced,bal_acc,0.5
902,NN_weighted,val,imbalanced,bal_acc,0.8120978120978122
903,NN_weighted,test,imbalanced,bal_acc,0.6427845528455285
904,NN_weighted,train,imbalanced,bal_acc,0.5
905,NN_weighted,val,imbalanced,bal_acc,0.8490990990990992
906,NN_weighted,test,imbalanced,bal_acc,0.6473577235772358
907,NN_weighted,train,imbalanced,bal_acc,0.5
908,NN_weighted,val,imbalanced,bal_acc,0.7940797940797941
909,NN_weighted,test,imbalanced,bal_acc,0.7098577235772358
910,NN_weighted,train,SMOTE,bal_acc,0.8586711711711712
911,NN_weighted,val,SMOTE,bal_acc,0.762884978001257
912,NN_weighted,test,SMOTE,bal_acc,0.6727642276422765
913,NN_weighted,train,SMOTE,bal_acc,0.8412162162162162
914,NN_weighted,val,SMOTE,bal_acc,0.6934841818562749
915,NN_weighted,test,SMOTE,bal_acc,0.6890243902439024
916,NN_weighted,train,SMOTE,bal_acc,0.8462837837837838
917,NN_weighted,val,SMOTE,bal_acc,0.7958830923947203
918,NN_weighted,test,SMOTE,bal_acc,0.7225609756097562
919,NN_weighted,train,SMOTE,bal_acc,0.7004504504504505
920,NN_weighted,val,SMOTE,bal_acc,0.7043114543114544
921,NN_weighted,test,SMOTE,bal_acc,0.600609756097561
922,NN_weighted,train,SMOTE,bal_acc,0.8738738738738738
923,NN_weighted,val,SMOTE,bal_acc,0.7091377091377091
924,NN_weighted,test,SMOTE,bal_acc,0.6600609756097561
925,model_XGB,train,imbalanced,prec,1.0
926,model_XGB,val,imbalanced,prec,0.7894736842105263
927,model_XGB,test,imbalanced,prec,0.8333333333333334
928,model_XGB,train,imbalanced,prec,1.0
929,model_XGB,val,imbalanced,prec,0.7
930,model_XGB,test,imbalanced,prec,0.8333333333333334
931,model_XGB,train,imbalanced,prec,1.0
932,model_XGB,val,imbalanced,prec,0.7222222222222222
933,model_XGB,test,imbalanced,prec,0.8333333333333334
934,model_XGB,train,imbalanced,prec,1.0
935,model_XGB,val,imbalanced,prec,0.7142857142857143
936,model_XGB,test,imbalanced,prec,0.6666666666666666
937,model_XGB,train,imbalanced,prec,1.0
938,model_XGB,val,imbalanced,prec,0.52
939,model_XGB,test,imbalanced,prec,0.5
940,model_XGB,train,SMOTE,prec,0.9988465974625144
941,model_XGB,val,SMOTE,prec,1.0
942,model_XGB,test,SMOTE,prec,0.5454545454545454
943,model_XGB,train,SMOTE,prec,0.9988465974625144
944,model_XGB,val,SMOTE,prec,0.0
945,model_XGB,test,SMOTE,prec,0.7777777777777778
946,model_XGB,train,SMOTE,prec,0.9988399071925754
947,model_XGB,val,SMOTE,prec,0.0
948,model_XGB,test,SMOTE,prec,0.6
949,model_XGB,train,SMOTE,prec,0.9988479262672811
950,model_XGB,val,SMOTE,prec,1.0
951,model_XGB,test,SMOTE,prec,0.7142857142857143
952,model_XGB,train,SMOTE,prec,1.0
953,model_XGB,val,SMOTE,prec,1.0
954,model_XGB,test,SMOTE,prec,0.5714285714285714
955,model_logistic,train,imbalanced,prec,0.43729903536977494
956,model_logistic,val,imbalanced,prec,0.3875
957,model_logistic,train,imbalanced,prec,0.43729903536977494
958,model_logistic,val,imbalanced,prec,0.3875
959,model_logistic,test,imbalanced,prec,0.3939393939393939
960,model_logistic,train,imbalanced,prec,0.39762611275964393
961,model_logistic,val,imbalanced,prec,0.3972602739726027
962,model_logistic,test,imbalanced,prec,0.3333333333333333
963,model_logistic,train,imbalanced,prec,0.40425531914893614
964,model_logistic,val,imbalanced,prec,0.40476190476190477
965,model_logistic,test,imbalanced,prec,0.42857142857142855
966,model_logistic,train,imbalanced,prec,0.41641337386018235
967,model_logistic,val,imbalanced,prec,0.3684210526315789
968,model_logistic,test,imbalanced,prec,0.375
969,model_logistic,train,imbalanced,prec,0.39882697947214074
970,model_logistic,val,imbalanced,prec,0.36082474226804123
971,model_logistic,test,imbalanced,prec,0.39473684210526316
972,model_logistic,train,SMOTE,prec,0.7736240913811008
973,model_logistic,val,SMOTE,prec,0.40963855421686746
974,model_logistic,test,SMOTE,prec,0.39473684210526316
975,model_logistic,train,SMOTE,prec,0.7723919915700738
976,model_logistic,val,SMOTE,prec,0.4074074074074074
977,model_logistic,test,SMOTE,prec,0.39473684210526316
978,model_logistic,train,SMOTE,prec,0.7772020725388601
979,model_logistic,val,SMOTE,prec,0.4074074074074074
980,model_logistic,test,SMOTE,prec,0.39473684210526316
981,model_logistic,train,SMOTE,prec,0.7769633507853403
982,model_logistic,val,SMOTE,prec,0.38095238095238093
983,model_logistic,test,SMOTE,prec,0.39473684210526316
984,model_logistic,train,SMOTE,prec,0.780982905982906
985,model_logistic,val,SMOTE,prec,0.3645833333333333
986,model_logistic,test,SMOTE,prec,0.39473684210526316
987,model_LinearSVC,train,imbalanced,prec,0.42724458204334365
988,model_LinearSVC,val,imbalanced,prec,0.38095238095238093
989,model_LinearSVC,test,imbalanced,prec,0.4
990,model_LinearSVC,train,imbalanced,prec,0.40173410404624277
991,model_LinearSVC,val,imbalanced,prec,0.3815789473684211
992,model_LinearSVC,test,imbalanced,prec,0.3333333333333333
993,model_LinearSVC,train,imbalanced,prec,0.40058479532163743
994,model_LinearSVC,val,imbalanced,prec,0.37362637362637363
995,model_LinearSVC,test,imbalanced,prec,0.3783783783783784
996,model_LinearSVC,train,imbalanced,prec,0.42727272727272725
997,model_LinearSVC,val,imbalanced,prec,0.37662337662337664
998,model_LinearSVC,test,imbalanced,prec,0.39473684210526316
999,model_LinearSVC,train,imbalanced,prec,0.38920454545454547
1000,model_LinearSVC,val,imbalanced,prec,0.34782608695652173
1001,model_LinearSVC,test,imbalanced,prec,0.35714285714285715
1002,model_LinearSVC,train,SMOTE,prec,0.8045112781954887
1003,model_LinearSVC,val,SMOTE,prec,0.3764705882352941
1004,model_LinearSVC,test,SMOTE,prec,0.4117647058823529
1005,model_LinearSVC,train,SMOTE,prec,0.7966101694915254
1006,model_LinearSVC,val,SMOTE,prec,0.417910447761194
1007,model_LinearSVC,test,SMOTE,prec,0.36363636363636365
1008,model_LinearSVC,train,SMOTE,prec,0.798708288482239
1009,model_LinearSVC,val,SMOTE,prec,0.40789473684210525
1010,model_LinearSVC,test,SMOTE,prec,0.42857142857142855
1011,model_LinearSVC,train,SMOTE,prec,0.8092105263157895
1012,model_LinearSVC,val,SMOTE,prec,0.4
1013,model_LinearSVC,test,SMOTE,prec,0.38095238095238093
1014,model_LinearSVC,train,SMOTE,prec,0.784877529286475
1015,model_LinearSVC,val,SMOTE,prec,0.36904761904761907
1016,model_LinearSVC,test,SMOTE,prec,0.3611111111111111
1017,model_SVC,train,imbalanced,prec,0.37026239067055394
1018,model_SVC,val,imbalanced,prec,0.39473684210526316
1019,model_SVC,test,imbalanced,prec,0.37209302325581395
1020,model_SVC,train,imbalanced,prec,0.38125
1021,model_SVC,val,imbalanced,prec,0.3924050632911392
1022,model_SVC,test,imbalanced,prec,0.34146341463414637
1023,model_SVC,train,imbalanced,prec,0.3323615160349854
1024,model_SVC,val,imbalanced,prec,0.4166666666666667
1025,model_SVC,test,imbalanced,prec,0.3488372093023256
1026,model_SVC,train,imbalanced,prec,0.375
1027,model_SVC,val,imbalanced,prec,0.3614457831325301
1028,model_SVC,test,imbalanced,prec,0.3488372093023256
1029,model_SVC,train,imbalanced,prec,0.375
1030,model_SVC,val,imbalanced,prec,0.3563218390804598
1031,model_SVC,test,imbalanced,prec,0.35
1032,model_SVC,train,SMOTE,prec,1.0
1033,model_SVC,val,SMOTE,prec,0.5
1034,model_SVC,test,SMOTE,prec,0.0
1035,model_SVC,train,SMOTE,prec,1.0
1036,model_SVC,val,SMOTE,prec,0.5
1037,model_SVC,test,SMOTE,prec,0.0
1038,model_SVC,train,SMOTE,prec,1.0
1039,model_SVC,val,SMOTE,prec,1.0
1040,model_SVC,test,SMOTE,prec,0.0
1041,model_SVC,train,SMOTE,prec,1.0
1042,model_SVC,val,SMOTE,prec,0.5
1043,model_SVC,test,SMOTE,prec,0.0
1044,model_SVC,train,SMOTE,prec,1.0
1045,model_SVC,val,SMOTE,prec,0.6666666666666666
1046,model_SVC,test,SMOTE,prec,0.0
1047,model_RandomForest,train,imbalanced,prec,0.8208092485549133
1048,model_RandomForest,val,imbalanced,prec,0.5666666666666667
1049,model_RandomForest,test,imbalanced,prec,0.3076923076923077
1050,model_RandomForest,train,imbalanced,prec,0.8352941176470589
1051,model_RandomForest,val,imbalanced,prec,0.6333333333333333
1052,model_RandomForest,test,imbalanced,prec,0.375
1053,model_RandomForest,train,imbalanced,prec,0.8571428571428571
1054,model_RandomForest,val,imbalanced,prec,0.5714285714285714
1055,model_RandomForest,test,imbalanced,prec,0.3
1056,model_RandomForest,train,imbalanced,prec,0.84
1057,model_RandomForest,val,imbalanced,prec,0.5517241379310345
1058,model_RandomForest,test,imbalanced,prec,0.3125
1059,model_RandomForest,train,imbalanced,prec,0.8597560975609756
1060,model_RandomForest,val,imbalanced,prec,0.55
1061,model_RandomForest,test,imbalanced,prec,0.23076923076923078
1062,model_RandomForest,train,SMOTE,prec,0.9988358556461001
1063,model_RandomForest,val,SMOTE,prec,0.6666666666666666
1064,model_RandomForest,test,SMOTE,prec,0.6
1065,model_RandomForest,train,SMOTE,prec,1.0
1066,model_RandomForest,val,SMOTE,prec,0.7142857142857143
1067,model_RandomForest,test,SMOTE,prec,0.75
1068,model_RandomForest,train,SMOTE,prec,1.0
1069,model_RandomForest,val,SMOTE,prec,0.8666666666666667
1070,model_RandomForest,test,SMOTE,prec,0.75
1071,model_RandomForest,train,SMOTE,prec,0.9976662777129521
1072,model_RandomForest,val,SMOTE,prec,0.6923076923076923
1073,model_RandomForest,test,SMOTE,prec,0.5
1074,model_RandomForest,train,SMOTE,prec,1.0
1075,model_RandomForest,val,SMOTE,prec,0.7857142857142857
1076,model_RandomForest,test,SMOTE,prec,0.3333333333333333
1077,NN_weighted,train,imbalanced,prec,0.1608325449385052
1078,NN_weighted,val,imbalanced,prec,0.5
1079,NN_weighted,test,imbalanced,prec,0.39285714285714285
1080,NN_weighted,train,imbalanced,prec,0.16147308781869688
1081,NN_weighted,val,imbalanced,prec,0.4722222222222222
1082,NN_weighted,test,imbalanced,prec,0.4
1083,NN_weighted,train,imbalanced,prec,0.16147308781869688
1084,NN_weighted,val,imbalanced,prec,0.5538461538461539
1085,NN_weighted,test,imbalanced,prec,0.3103448275862069
1086,NN_weighted,train,imbalanced,prec,0.16147308781869688
1087,NN_weighted,val,imbalanced,prec,0.6
1088,NN_weighted,test,imbalanced,prec,0.45
1089,NN_weighted,train,imbalanced,prec,0.16147308781869688
1090,NN_weighted,val,imbalanced,prec,0.5384615384615384
1091,NN_weighted,test,imbalanced,prec,0.4
1092,NN_weighted,train,imbalanced,prec,0.16147308781869688
1093,NN_weighted,val,imbalanced,prec,0.5172413793103449
1094,NN_weighted,test,imbalanced,prec,0.4642857142857143
1095,NN_weighted,train,SMOTE,prec,0.849615806805708
1096,NN_weighted,val,SMOTE,prec,0.46774193548387094
1097,NN_weighted,test,SMOTE,prec,0.3870967741935484
1098,NN_weighted,train,SMOTE,prec,0.8344370860927153
1099,NN_weighted,val,SMOTE,prec,0.3870967741935484
1100,NN_weighted,test,SMOTE,prec,0.4444444444444444
1101,NN_weighted,train,SMOTE,prec,0.8353326063249727
1102,NN_weighted,val,SMOTE,prec,0.4583333333333333
1103,NN_weighted,test,SMOTE,prec,0.45161290322580644
1104,NN_weighted,train,SMOTE,prec,0.9120370370370371
1105,NN_weighted,val,SMOTE,prec,0.5714285714285714
1106,NN_weighted,test,SMOTE,prec,0.5
1107,NN_weighted,train,SMOTE,prec,0.8577586206896551
1108,NN_weighted,val,SMOTE,prec,0.41379310344827586
1109,NN_weighted,test,SMOTE,prec,0.39285714285714285
1110,model_XGB,train,imbalanced,recall,1.0
1111,model_XGB,val,imbalanced,recall,0.3488372093023256
1112,model_XGB,test,imbalanced,recall,0.20833333333333334
1113,model_XGB,train,imbalanced,recall,1.0
1114,model_XGB,val,imbalanced,recall,0.32558139534883723
1115,model_XGB,test,imbalanced,recall,0.20833333333333334
1116,model_XGB,train,imbalanced,recall,1.0
1117,model_XGB,val,imbalanced,recall,0.3023255813953488
1118,model_XGB,test,imbalanced,recall,0.20833333333333334
1119,model_XGB,train,imbalanced,recall,1.0
1120,model_XGB,val,imbalanced,recall,0.23809523809523808
1121,model_XGB,test,imbalanced,recall,0.16666666666666666
1122,model_XGB,train,imbalanced,recall,1.0
1123,model_XGB,val,imbalanced,recall,0.30952380952380953
1124,model_XGB,test,imbalanced,recall,0.20833333333333334
1125,model_XGB,train,SMOTE,recall,0.9752252252252253
1126,model_XGB,val,SMOTE,recall,0.023255813953488372
1127,model_XGB,test,SMOTE,recall,0.25
1128,model_XGB,train,SMOTE,recall,0.9752252252252253
1129,model_XGB,val,SMOTE,recall,0.0
1130,model_XGB,test,SMOTE,recall,0.2916666666666667
1131,model_XGB,train,SMOTE,recall,0.9695945945945946
1132,model_XGB,val,SMOTE,recall,0.0
1133,model_XGB,test,SMOTE,recall,0.125
1134,model_XGB,train,SMOTE,recall,0.9763513513513513
1135,model_XGB,val,SMOTE,recall,0.023809523809523808
1136,model_XGB,test,SMOTE,recall,0.20833333333333334
1137,model_XGB,train,SMOTE,recall,0.9797297297297297
1138,model_XGB,val,SMOTE,recall,0.047619047619047616
1139,model_XGB,test,SMOTE,recall,0.16666666666666666
1140,model_logistic,train,imbalanced,recall,0.8
1141,model_logistic,val,imbalanced,recall,0.7209302325581395
1142,model_logistic,train,imbalanced,recall,0.8
1143,model_logistic,val,imbalanced,recall,0.7209302325581395
1144,model_logistic,test,imbalanced,recall,0.5416666666666666
1145,model_logistic,train,imbalanced,recall,0.788235294117647
1146,model_logistic,val,imbalanced,recall,0.6744186046511628
1147,model_logistic,test,imbalanced,recall,0.5416666666666666
1148,model_logistic,train,imbalanced,recall,0.7823529411764706
1149,model_logistic,val,imbalanced,recall,0.7906976744186046
1150,model_logistic,test,imbalanced,recall,0.625
1151,model_logistic,train,imbalanced,recall,0.8011695906432749
1152,model_logistic,val,imbalanced,recall,0.6666666666666666
1153,model_logistic,test,imbalanced,recall,0.625
1154,model_logistic,train,imbalanced,recall,0.7953216374269005
1155,model_logistic,val,imbalanced,recall,0.8333333333333334
1156,model_logistic,test,imbalanced,recall,0.625
1157,model_logistic,train,SMOTE,recall,0.838963963963964
1158,model_logistic,val,SMOTE,recall,0.7906976744186046
1159,model_logistic,test,SMOTE,recall,0.625
1160,model_logistic,train,SMOTE,recall,0.8254504504504504
1161,model_logistic,val,SMOTE,recall,0.7674418604651163
1162,model_logistic,test,SMOTE,recall,0.625
1163,model_logistic,train,SMOTE,recall,0.8445945945945946
1164,model_logistic,val,SMOTE,recall,0.7674418604651163
1165,model_logistic,test,SMOTE,recall,0.625
1166,model_logistic,train,SMOTE,recall,0.8355855855855856
1167,model_logistic,val,SMOTE,recall,0.7619047619047619
1168,model_logistic,test,SMOTE,recall,0.625
1169,model_logistic,train,SMOTE,recall,0.8231981981981982
1170,model_logistic,val,SMOTE,recall,0.8333333333333334
1171,model_logistic,test,SMOTE,recall,0.625
1172,model_LinearSVC,train,imbalanced,recall,0.8117647058823529
1173,model_LinearSVC,val,imbalanced,recall,0.7441860465116279
1174,model_LinearSVC,test,imbalanced,recall,0.5833333333333334
1175,model_LinearSVC,train,imbalanced,recall,0.8176470588235294
1176,model_LinearSVC,val,imbalanced,recall,0.6744186046511628
1177,model_LinearSVC,test,imbalanced,recall,0.5416666666666666
1178,model_LinearSVC,train,imbalanced,recall,0.8058823529411765
1179,model_LinearSVC,val,imbalanced,recall,0.7906976744186046
1180,model_LinearSVC,test,imbalanced,recall,0.5833333333333334
1181,model_LinearSVC,train,imbalanced,recall,0.8245614035087719
1182,model_LinearSVC,val,imbalanced,recall,0.6904761904761905
1183,model_LinearSVC,test,imbalanced,recall,0.625
1184,model_LinearSVC,train,imbalanced,recall,0.8011695906432749
1185,model_LinearSVC,val,imbalanced,recall,0.7619047619047619
1186,model_LinearSVC,test,imbalanced,recall,0.625
1187,model_LinearSVC,train,SMOTE,recall,0.8434684684684685
1188,model_LinearSVC,val,SMOTE,recall,0.7441860465116279
1189,model_LinearSVC,test,SMOTE,recall,0.5833333333333334
1190,model_LinearSVC,train,SMOTE,recall,0.8468468468468469
1191,model_LinearSVC,val,SMOTE,recall,0.6511627906976745
1192,model_LinearSVC,test,SMOTE,recall,0.5
1193,model_LinearSVC,train,SMOTE,recall,0.8355855855855856
1194,model_LinearSVC,val,SMOTE,recall,0.7209302325581395
1195,model_LinearSVC,test,SMOTE,recall,0.625
1196,model_LinearSVC,train,SMOTE,recall,0.831081081081081
1197,model_LinearSVC,val,SMOTE,recall,0.6666666666666666
1198,model_LinearSVC,test,SMOTE,recall,0.6666666666666666
1199,model_LinearSVC,train,SMOTE,recall,0.829954954954955
1200,model_LinearSVC,val,SMOTE,recall,0.7380952380952381
1201,model_LinearSVC,test,SMOTE,recall,0.5416666666666666
1202,model_SVC,train,imbalanced,recall,0.7470588235294118
1203,model_SVC,val,imbalanced,recall,0.6976744186046512
1204,model_SVC,test,imbalanced,recall,0.6666666666666666
1205,model_SVC,train,imbalanced,recall,0.7176470588235294
1206,model_SVC,val,imbalanced,recall,0.7209302325581395
1207,model_SVC,test,imbalanced,recall,0.5833333333333334
1208,model_SVC,train,imbalanced,recall,0.6705882352941176
1209,model_SVC,val,imbalanced,recall,0.813953488372093
1210,model_SVC,test,imbalanced,recall,0.625
1211,model_SVC,train,imbalanced,recall,0.7368421052631579
1212,model_SVC,val,imbalanced,recall,0.7142857142857143
1213,model_SVC,test,imbalanced,recall,0.625
1214,model_SVC,train,imbalanced,recall,0.7192982456140351
1215,model_SVC,val,imbalanced,recall,0.7380952380952381
1216,model_SVC,test,imbalanced,recall,0.5833333333333334
1217,model_SVC,train,SMOTE,recall,1.0
1218,model_SVC,val,SMOTE,recall,0.023255813953488372
1219,model_SVC,test,SMOTE,recall,0.0
1220,model_SVC,train,SMOTE,recall,1.0
1221,model_SVC,val,SMOTE,recall,0.046511627906976744
1222,model_SVC,test,SMOTE,recall,0.0
1223,model_SVC,train,SMOTE,recall,1.0
1224,model_SVC,val,SMOTE,recall,0.09302325581395349
1225,model_SVC,test,SMOTE,recall,0.0
1226,model_SVC,train,SMOTE,recall,1.0
1227,model_SVC,val,SMOTE,recall,0.023809523809523808
1228,model_SVC,test,SMOTE,recall,0.0
1229,model_SVC,train,SMOTE,recall,1.0
1230,model_SVC,val,SMOTE,recall,0.047619047619047616
1231,model_SVC,test,SMOTE,recall,0.0
1232,model_RandomForest,train,imbalanced,recall,0.8352941176470589
1233,model_RandomForest,val,imbalanced,recall,0.3953488372093023
1234,model_RandomForest,test,imbalanced,recall,0.16666666666666666
1235,model_RandomForest,train,imbalanced,recall,0.8352941176470589
1236,model_RandomForest,val,imbalanced,recall,0.4418604651162791
1237,model_RandomForest,test,imbalanced,recall,0.25
1238,model_RandomForest,train,imbalanced,recall,0.8117647058823529
1239,model_RandomForest,val,imbalanced,recall,0.46511627906976744
1240,model_RandomForest,test,imbalanced,recall,0.125
1241,model_RandomForest,train,imbalanced,recall,0.8596491228070176
1242,model_RandomForest,val,imbalanced,recall,0.38095238095238093
1243,model_RandomForest,test,imbalanced,recall,0.20833333333333334
1244,model_RandomForest,train,imbalanced,recall,0.8245614035087719
1245,model_RandomForest,val,imbalanced,recall,0.5238095238095238
1246,model_RandomForest,test,imbalanced,recall,0.125
1247,model_RandomForest,train,SMOTE,recall,0.9662162162162162
1248,model_RandomForest,val,SMOTE,recall,0.27906976744186046
1249,model_RandomForest,test,SMOTE,recall,0.125
1250,model_RandomForest,train,SMOTE,recall,0.9684684684684685
1251,model_RandomForest,val,SMOTE,recall,0.3488372093023256
1252,model_RandomForest,test,SMOTE,recall,0.125
1253,model_RandomForest,train,SMOTE,recall,0.963963963963964
1254,model_RandomForest,val,SMOTE,recall,0.3023255813953488
1255,model_RandomForest,test,SMOTE,recall,0.125
1256,model_RandomForest,train,SMOTE,recall,0.9628378378378378
1257,model_RandomForest,val,SMOTE,recall,0.21428571428571427
1258,model_RandomForest,test,SMOTE,recall,0.08333333333333333
1259,model_RandomForest,train,SMOTE,recall,0.9718468468468469
1260,model_RandomForest,val,SMOTE,recall,0.2619047619047619
1261,model_RandomForest,test,SMOTE,recall,0.08333333333333333
1262,NN_weighted,train,imbalanced,recall,0.9941520467836257
1263,NN_weighted,val,imbalanced,recall,0.8333333333333334
1264,NN_weighted,test,imbalanced,recall,0.4583333333333333
1265,NN_weighted,train,imbalanced,recall,1.0
1266,NN_weighted,val,imbalanced,recall,0.8095238095238095
1267,NN_weighted,test,imbalanced,recall,0.4166666666666667
1268,NN_weighted,train,imbalanced,recall,1.0
1269,NN_weighted,val,imbalanced,recall,0.8571428571428571
1270,NN_weighted,test,imbalanced,recall,0.375
1271,NN_weighted,train,imbalanced,recall,1.0
1272,NN_weighted,val,imbalanced,recall,0.7142857142857143
1273,NN_weighted,test,imbalanced,recall,0.375
1274,NN_weighted,train,imbalanced,recall,1.0
1275,NN_weighted,val,imbalanced,recall,0.8333333333333334
1276,NN_weighted,test,imbalanced,recall,0.4166666666666667
1277,NN_weighted,train,imbalanced,recall,1.0
1278,NN_weighted,val,imbalanced,recall,0.7142857142857143
1279,NN_weighted,test,imbalanced,recall,0.5416666666666666
1280,NN_weighted,train,SMOTE,recall,0.8716216216216216
1281,NN_weighted,val,SMOTE,recall,0.6744186046511628
1282,NN_weighted,test,SMOTE,recall,0.5
1283,NN_weighted,train,SMOTE,recall,0.8513513513513513
1284,NN_weighted,val,SMOTE,recall,0.5581395348837209
1285,NN_weighted,test,SMOTE,recall,0.5
1286,NN_weighted,train,SMOTE,recall,0.8626126126126126
1287,NN_weighted,val,SMOTE,recall,0.7674418604651163
1288,NN_weighted,test,SMOTE,recall,0.5833333333333334
1289,NN_weighted,train,SMOTE,recall,0.4436936936936937
1290,NN_weighted,val,SMOTE,recall,0.47619047619047616
1291,NN_weighted,test,SMOTE,recall,0.25
1292,NN_weighted,train,SMOTE,recall,0.8963963963963963
1293,NN_weighted,val,SMOTE,recall,0.5714285714285714
1294,NN_weighted,test,SMOTE,recall,0.4583333333333333
1295,model_XGB,train,imbalanced,pr_auc,1.0
1296,model_XGB,val,imbalanced,pr_auc,0.5616574255747687
1297,model_XGB,test,imbalanced,pr_auc,0.49318203139121425
1298,model_XGB,train,imbalanced,pr_auc,1.0
1299,model_XGB,val,imbalanced,pr_auc,0.5718844300789981
1300,model_XGB,test,imbalanced,pr_auc,0.4749066904942712
1301,model_XGB,train,imbalanced,pr_auc,1.0
1302,model_XGB,val,imbalanced,pr_auc,0.584116996926497
1303,model_XGB,test,imbalanced,pr_auc,0.518032480994018
1304,model_XGB,train,imbalanced,pr_auc,0.9999999999999998
1305,model_XGB,val,imbalanced,pr_auc,0.5222474744374778
1306,model_XGB,test,imbalanced,pr_auc,0.4018107422986861
1307,model_XGB,train,imbalanced,pr_auc,0.9999999999999998
1308,model_XGB,val,imbalanced,pr_auc,0.48866921791639
1309,model_XGB,test,imbalanced,pr_auc,0.43552704440057904
1310,model_XGB,train,SMOTE,pr_auc,0.9997164762656643
1311,model_XGB,val,SMOTE,pr_auc,0.4107787083894865
1312,model_XGB,test,SMOTE,pr_auc,0.4533776010297951
1313,model_XGB,train,SMOTE,pr_auc,0.9992818256870957
1314,model_XGB,val,SMOTE,pr_auc,0.4219876446025546
1315,model_XGB,test,SMOTE,pr_auc,0.5630398410141385
1316,model_XGB,train,SMOTE,pr_auc,0.9997301694345218
1317,model_XGB,val,SMOTE,pr_auc,0.33341273300547647
1318,model_XGB,test,SMOTE,pr_auc,0.42939980069479494
1319,model_XGB,train,SMOTE,pr_auc,0.9997271611121553
1320,model_XGB,val,SMOTE,pr_auc,0.413778700986633
1321,model_XGB,test,SMOTE,pr_auc,0.4167924995931467
1322,model_XGB,train,SMOTE,pr_auc,0.9998983237974373
1323,model_XGB,val,SMOTE,pr_auc,0.43855448785261253
1324,model_XGB,test,SMOTE,pr_auc,0.403666197536562
1325,model_logistic,train,imbalanced,pr_auc,0.6418794888636677
1326,model_logistic,val,imbalanced,pr_auc,0.5594136204909074
1327,model_logistic,train,imbalanced,pr_auc,0.6418794888636677
1328,model_logistic,val,imbalanced,pr_auc,0.5594136204909074
1329,model_logistic,test,imbalanced,pr_auc,0.46742296133167593
1330,model_logistic,train,imbalanced,pr_auc,0.6311890953446108
1331,model_logistic,val,imbalanced,pr_auc,0.5603474542882283
1332,model_logistic,test,imbalanced,pr_auc,0.5058460105587811
1333,model_logistic,train,imbalanced,pr_auc,0.6467925041040221
1334,model_logistic,val,imbalanced,pr_auc,0.6169185528755022
1335,model_logistic,test,imbalanced,pr_auc,0.47163791722460724
1336,model_logistic,train,imbalanced,pr_auc,0.6634792665592254
1337,model_logistic,val,imbalanced,pr_auc,0.5364293263778496
1338,model_logistic,test,imbalanced,pr_auc,0.4678613928963463
1339,model_logistic,train,imbalanced,pr_auc,0.6349150426088472
1340,model_logistic,val,imbalanced,pr_auc,0.5387368605186101
1341,model_logistic,test,imbalanced,pr_auc,0.439641089085442
1342,model_logistic,train,SMOTE,pr_auc,0.8648889369030436
1343,model_logistic,val,SMOTE,pr_auc,0.5917432130179633
1344,model_logistic,test,SMOTE,pr_auc,0.439641089085442
1345,model_logistic,train,SMOTE,pr_auc,0.8629576227210518
1346,model_logistic,val,SMOTE,pr_auc,0.6445435072274217
1347,model_logistic,test,SMOTE,pr_auc,0.439641089085442
1348,model_logistic,train,SMOTE,pr_auc,0.8649343684969387
1349,model_logistic,val,SMOTE,pr_auc,0.6613145265433273
1350,model_logistic,test,SMOTE,pr_auc,0.439641089085442
1351,model_logistic,train,SMOTE,pr_auc,0.8719454455041867
1352,model_logistic,val,SMOTE,pr_auc,0.6147732848528116
1353,model_logistic,test,SMOTE,pr_auc,0.439641089085442
1354,model_logistic,train,SMOTE,pr_auc,0.8741852014939455
1355,model_logistic,val,SMOTE,pr_auc,0.5529949582710154
1356,model_logistic,test,SMOTE,pr_auc,0.439641089085442
1357,model_LinearSVC,train,imbalanced,pr_auc,0.64991787401648
1358,model_LinearSVC,val,imbalanced,pr_auc,0.5960492304146862
1359,model_LinearSVC,test,imbalanced,pr_auc,0.4805126953546461
1360,model_LinearSVC,train,imbalanced,pr_auc,0.6372344295704431
1361,model_LinearSVC,val,imbalanced,pr_auc,0.5555196122240219
1362,model_LinearSVC,test,imbalanced,pr_auc,0.49735822578856637
1363,model_LinearSVC,train,imbalanced,pr_auc,0.6561433084379484
1364,model_LinearSVC,val,imbalanced,pr_auc,0.6205465901190865
1365,model_LinearSVC,test,imbalanced,pr_auc,0.4707338165767593
1366,model_LinearSVC,train,imbalanced,pr_auc,0.668208050192727
1367,model_LinearSVC,val,imbalanced,pr_auc,0.5125140259332513
1368,model_LinearSVC,test,imbalanced,pr_auc,0.45726711444006013
1369,model_LinearSVC,train,imbalanced,pr_auc,0.6458988024106198
1370,model_LinearSVC,val,imbalanced,pr_auc,0.5632488135841633
1371,model_LinearSVC,test,imbalanced,pr_auc,0.446155119196317
1372,model_LinearSVC,train,SMOTE,pr_auc,0.8855700046379524
1373,model_LinearSVC,val,SMOTE,pr_auc,0.5713603572522853
1374,model_LinearSVC,test,SMOTE,pr_auc,0.48128671734014056
1375,model_LinearSVC,train,SMOTE,pr_auc,0.8862150963401759
1376,model_LinearSVC,val,SMOTE,pr_auc,0.549541275255427
1377,model_LinearSVC,test,SMOTE,pr_auc,0.5086443664618014
1378,model_LinearSVC,train,SMOTE,pr_auc,0.8884521200964139
1379,model_LinearSVC,val,SMOTE,pr_auc,0.6045344905727927
1380,model_LinearSVC,test,SMOTE,pr_auc,0.4394810102108271
1381,model_LinearSVC,train,SMOTE,pr_auc,0.901421933672069
1382,model_LinearSVC,val,SMOTE,pr_auc,0.5238398297287015
1383,model_LinearSVC,test,SMOTE,pr_auc,0.4742635760714246
1384,model_LinearSVC,train,SMOTE,pr_auc,0.8807779994883488
1385,model_LinearSVC,val,SMOTE,pr_auc,0.5337662795468939
1386,model_LinearSVC,test,SMOTE,pr_auc,0.43886788100464175
1387,model_SVC,train,imbalanced,pr_auc,0.5601087210587848
1388,model_SVC,val,imbalanced,pr_auc,0.5100664728282226
1389,model_SVC,test,imbalanced,pr_auc,0.4236795823841379
1390,model_SVC,train,imbalanced,pr_auc,0.5496874347693771
1391,model_SVC,val,imbalanced,pr_auc,0.5691204510773754
1392,model_SVC,test,imbalanced,pr_auc,0.49321011799827197
1393,model_SVC,train,imbalanced,pr_auc,0.507782888045303
1394,model_SVC,val,imbalanced,pr_auc,0.652982753333699
1395,model_SVC,test,imbalanced,pr_auc,0.42545839176559236
1396,model_SVC,train,imbalanced,pr_auc,0.5736783233204849
1397,model_SVC,val,imbalanced,pr_auc,0.5415918246431225
1398,model_SVC,test,imbalanced,pr_auc,0.5383683650485522
1399,model_SVC,train,imbalanced,pr_auc,0.5579238174746907
1400,model_SVC,val,imbalanced,pr_auc,0.5128117243332713
1401,model_SVC,test,imbalanced,pr_auc,0.4000768554658411
1402,model_SVC,train,SMOTE,pr_auc,1.0
1403,model_SVC,val,SMOTE,pr_auc,0.34689953555242536
1404,model_SVC,test,SMOTE,pr_auc,0.26031976526235556
1405,model_SVC,train,SMOTE,pr_auc,1.0
1406,model_SVC,val,SMOTE,pr_auc,0.3784266655863261
1407,model_SVC,test,SMOTE,pr_auc,0.26296588487475947
1408,model_SVC,train,SMOTE,pr_auc,1.0
1409,model_SVC,val,SMOTE,pr_auc,0.4298233703682268
1410,model_SVC,test,SMOTE,pr_auc,0.33317643475159864
1411,model_SVC,train,SMOTE,pr_auc,1.0
1412,model_SVC,val,SMOTE,pr_auc,0.27056816007900064
1413,model_SVC,test,SMOTE,pr_auc,0.23034274325806417
1414,model_SVC,train,SMOTE,pr_auc,1.0
1415,model_SVC,val,SMOTE,pr_auc,0.27539607453768217
1416,model_SVC,test,SMOTE,pr_auc,0.23301459878383235
1417,model_RandomForest,train,imbalanced,pr_auc,0.9102437123446837
1418,model_RandomForest,val,imbalanced,pr_auc,0.5148916277071175
1419,model_RandomForest,test,imbalanced,pr_auc,0.4248677972626134
1420,model_RandomForest,train,imbalanced,pr_auc,0.9218769733508543
1421,model_RandomForest,val,imbalanced,pr_auc,0.5710896418829665
1422,model_RandomForest,test,imbalanced,pr_auc,0.4122250621578179
1423,model_RandomForest,train,imbalanced,pr_auc,0.9071048485333939
1424,model_RandomForest,val,imbalanced,pr_auc,0.5471400486424073
1425,model_RandomForest,test,imbalanced,pr_auc,0.42444428795738703
1426,model_RandomForest,train,imbalanced,pr_auc,0.9156260913847832
1427,model_RandomForest,val,imbalanced,pr_auc,0.5292704141303107
1428,model_RandomForest,test,imbalanced,pr_auc,0.36358971050184136
1429,model_RandomForest,train,imbalanced,pr_auc,0.9249922644867373
1430,model_RandomForest,val,imbalanced,pr_auc,0.5351577708923766
1431,model_RandomForest,test,imbalanced,pr_auc,0.36381316840690187
1432,model_RandomForest,train,SMOTE,pr_auc,0.9996540868753154
1433,model_RandomForest,val,SMOTE,pr_auc,0.5541000728746271
1434,model_RandomForest,test,SMOTE,pr_auc,0.4454684267282832
1435,model_RandomForest,train,SMOTE,pr_auc,0.9997786198206668
1436,model_RandomForest,val,SMOTE,pr_auc,0.5853980716966143
1437,model_RandomForest,test,SMOTE,pr_auc,0.5188495254517933
1438,model_RandomForest,train,SMOTE,pr_auc,0.9997596766299376
1439,model_RandomForest,val,SMOTE,pr_auc,0.5905679464968943
1440,model_RandomForest,test,SMOTE,pr_auc,0.43411291146453496
1441,model_RandomForest,train,SMOTE,pr_auc,0.9996947974183366
1442,model_RandomForest,val,SMOTE,pr_auc,0.535649416336514
1443,model_RandomForest,test,SMOTE,pr_auc,0.3997415640344234
1444,model_RandomForest,train,SMOTE,pr_auc,0.9998488903060025
1445,model_RandomForest,val,SMOTE,pr_auc,0.539855241385645
1446,model_RandomForest,test,SMOTE,pr_auc,0.343889158100621
1447,NN_weighted,train,imbalanced,pr_auc,0.5780397013436944
1448,NN_weighted,val,imbalanced,pr_auc,0.74653787398896
1449,NN_weighted,test,imbalanced,pr_auc,0.46246459005949686
1450,NN_weighted,train,imbalanced,pr_auc,0.5807365439093485
1451,NN_weighted,val,imbalanced,pr_auc,0.7341201971382108
1452,NN_weighted,test,imbalanced,pr_auc,0.46386546259932454
1453,NN_weighted,train,imbalanced,pr_auc,0.5807365439093485
1454,NN_weighted,val,imbalanced,pr_auc,0.7356488320498762
1455,NN_weighted,test,imbalanced,pr_auc,0.4037452648686317
1456,NN_weighted,train,imbalanced,pr_auc,0.5807365439093485
1457,NN_weighted,val,imbalanced,pr_auc,0.7599620777081969
1458,NN_weighted,test,imbalanced,pr_auc,0.41936245359389573
1459,NN_weighted,train,imbalanced,pr_auc,0.5807365439093485
1460,NN_weighted,val,imbalanced,pr_auc,0.7971684380900672
1461,NN_weighted,test,imbalanced,pr_auc,0.41943221118885127
1462,NN_weighted,train,imbalanced,pr_auc,0.5807365439093485
1463,NN_weighted,val,imbalanced,pr_auc,0.7272790485251225
1464,NN_weighted,test,imbalanced,pr_auc,0.5511529537433675
1465,NN_weighted,train,SMOTE,pr_auc,0.9324108069441922
1466,NN_weighted,val,SMOTE,pr_auc,0.5717651054184624
1467,NN_weighted,test,SMOTE,pr_auc,0.46830770738802036
1468,NN_weighted,train,SMOTE,pr_auc,0.9263831412726087
1469,NN_weighted,val,SMOTE,pr_auc,0.5240546747600949
1470,NN_weighted,test,SMOTE,pr_auc,0.5184326597426258
1471,NN_weighted,train,SMOTE,pr_auc,0.9216868883378992
1472,NN_weighted,val,SMOTE,pr_auc,0.6342620835905894
1473,NN_weighted,test,SMOTE,pr_auc,0.4817947656220167
1474,NN_weighted,train,SMOTE,pr_auc,0.8573694444237284
1475,NN_weighted,val,SMOTE,pr_auc,0.6052478654150582
1476,NN_weighted,test,SMOTE,pr_auc,0.42642511789492454
1477,NN_weighted,train,SMOTE,pr_auc,0.944758170630815
1478,NN_weighted,val,SMOTE,pr_auc,0.4939760259512125
1479,NN_weighted,test,SMOTE,pr_auc,0.43229136909335686
1480,model_XGB,train,imbalanced,f1,1.0
1481,model_XGB,val,imbalanced,f1,0.48387096774193555
1482,model_XGB,test,imbalanced,f1,0.33333333333333337
1483,model_XGB,train,imbalanced,f1,1.0
1484,model_XGB,val,imbalanced,f1,0.44444444444444453
1485,model_XGB,test,imbalanced,f1,0.33333333333333337
1486,model_XGB,train,imbalanced,f1,1.0
1487,model_XGB,val,imbalanced,f1,0.4262295081967213
1488,model_XGB,test,imbalanced,f1,0.33333333333333337
1489,model_XGB,train,imbalanced,f1,1.0
1490,model_XGB,val,imbalanced,f1,0.35714285714285715
1491,model_XGB,test,imbalanced,f1,0.26666666666666666
1492,model_XGB,train,imbalanced,f1,1.0
1493,model_XGB,val,imbalanced,f1,0.3880597014925373
1494,model_XGB,test,imbalanced,f1,0.29411764705882354
1495,model_XGB,train,SMOTE,f1,0.9868945868945869
1496,model_XGB,val,SMOTE,f1,0.04545454545454545
1497,model_XGB,test,SMOTE,f1,0.34285714285714286
1498,model_XGB,train,SMOTE,f1,0.9868945868945869
1499,model_XGB,val,SMOTE,f1,0.0
1500,model_XGB,test,SMOTE,f1,0.42424242424242425
1501,model_XGB,train,SMOTE,f1,0.984
1502,model_XGB,val,SMOTE,f1,0.0
1503,model_XGB,test,SMOTE,f1,0.20689655172413793
1504,model_XGB,train,SMOTE,f1,0.9874715261958997
1505,model_XGB,val,SMOTE,f1,0.046511627906976744
1506,model_XGB,test,SMOTE,f1,0.3225806451612903
1507,model_XGB,train,SMOTE,f1,0.9897610921501706
1508,model_XGB,val,SMOTE,f1,0.0909090909090909
1509,model_XGB,test,SMOTE,f1,0.25806451612903225
1510,model_logistic,train,imbalanced,f1,0.5654885654885655
1511,model_logistic,val,imbalanced,f1,0.5040650406504065
1512,model_logistic,train,imbalanced,f1,0.5654885654885655
1513,model_logistic,val,imbalanced,f1,0.5040650406504065
1514,model_logistic,test,imbalanced,f1,0.45614035087719296
1515,model_logistic,train,imbalanced,f1,0.5285996055226825
1516,model_logistic,val,imbalanced,f1,0.5
1517,model_logistic,test,imbalanced,f1,0.4126984126984126
1518,model_logistic,train,imbalanced,f1,0.533066132264529
1519,model_logistic,val,imbalanced,f1,0.5354330708661418
1520,model_logistic,test,imbalanced,f1,0.5084745762711864
1521,model_logistic,train,imbalanced,f1,0.5479999999999999
1522,model_logistic,val,imbalanced,f1,0.4745762711864407
1523,model_logistic,test,imbalanced,f1,0.46875
1524,model_logistic,train,imbalanced,f1,0.5312499999999999
1525,model_logistic,val,imbalanced,f1,0.5035971223021583
1526,model_logistic,test,imbalanced,f1,0.48387096774193544
1527,model_logistic,train,SMOTE,f1,0.8049702863317126
1528,model_logistic,val,SMOTE,f1,0.5396825396825397
1529,model_logistic,test,SMOTE,f1,0.48387096774193544
1530,model_logistic,train,SMOTE,f1,0.7980402830702231
1531,model_logistic,val,SMOTE,f1,0.532258064516129
1532,model_logistic,test,SMOTE,f1,0.48387096774193544
1533,model_logistic,train,SMOTE,f1,0.809498111171074
1534,model_logistic,val,SMOTE,f1,0.532258064516129
1535,model_logistic,test,SMOTE,f1,0.48387096774193544
1536,model_logistic,train,SMOTE,f1,0.8052088985349972
1537,model_logistic,val,SMOTE,f1,0.5079365079365079
1538,model_logistic,test,SMOTE,f1,0.48387096774193544
1539,model_logistic,train,SMOTE,f1,0.8015350877192983
1540,model_logistic,val,SMOTE,f1,0.5072463768115941
1541,model_logistic,test,SMOTE,f1,0.48387096774193544
1542,model_LinearSVC,train,imbalanced,f1,0.5598377281947261
1543,model_LinearSVC,val,imbalanced,f1,0.5039370078740157
1544,model_LinearSVC,test,imbalanced,f1,0.4745762711864407
1545,model_LinearSVC,train,imbalanced,f1,0.5387596899224807
1546,model_LinearSVC,val,imbalanced,f1,0.4873949579831933
1547,model_LinearSVC,test,imbalanced,f1,0.4126984126984126
1548,model_LinearSVC,train,imbalanced,f1,0.53515625
1549,model_LinearSVC,val,imbalanced,f1,0.5074626865671641
1550,model_LinearSVC,test,imbalanced,f1,0.45901639344262296
1551,model_LinearSVC,train,imbalanced,f1,0.5628742514970061
1552,model_LinearSVC,val,imbalanced,f1,0.48739495798319327
1553,model_LinearSVC,test,imbalanced,f1,0.48387096774193544
1554,model_LinearSVC,train,imbalanced,f1,0.5239005736137667
1555,model_LinearSVC,val,imbalanced,f1,0.4776119402985074
1556,model_LinearSVC,test,imbalanced,f1,0.45454545454545453
1557,model_LinearSVC,train,SMOTE,f1,0.823529411764706
1558,model_LinearSVC,val,SMOTE,f1,0.5
1559,model_LinearSVC,test,SMOTE,f1,0.4827586206896552
1560,model_LinearSVC,train,SMOTE,f1,0.8209606986899564
1561,model_LinearSVC,val,SMOTE,f1,0.509090909090909
1562,model_LinearSVC,test,SMOTE,f1,0.4210526315789474
1563,model_LinearSVC,train,SMOTE,f1,0.8167308750687947
1564,model_LinearSVC,val,SMOTE,f1,0.5210084033613445
1565,model_LinearSVC,test,SMOTE,f1,0.5084745762711864
1566,model_LinearSVC,train,SMOTE,f1,0.82
1567,model_LinearSVC,val,SMOTE,f1,0.5
1568,model_LinearSVC,test,SMOTE,f1,0.4848484848484849
1569,model_LinearSVC,train,SMOTE,f1,0.8067870826491517
1570,model_LinearSVC,val,SMOTE,f1,0.49206349206349204
1571,model_LinearSVC,test,SMOTE,f1,0.43333333333333335
1572,model_SVC,train,imbalanced,f1,0.4951267056530214
1573,model_SVC,val,imbalanced,f1,0.504201680672269
1574,model_SVC,test,imbalanced,f1,0.4776119402985074
1575,model_SVC,train,imbalanced,f1,0.4979591836734693
1576,model_SVC,val,imbalanced,f1,0.5081967213114754
1577,model_SVC,test,imbalanced,f1,0.43076923076923085
1578,model_SVC,train,imbalanced,f1,0.4444444444444445
1579,model_SVC,val,imbalanced,f1,0.5511811023622047
1580,model_SVC,test,imbalanced,f1,0.44776119402985076
1581,model_SVC,train,imbalanced,f1,0.4970414201183431
1582,model_SVC,val,imbalanced,f1,0.48000000000000004
1583,model_SVC,test,imbalanced,f1,0.44776119402985076
1584,model_SVC,train,imbalanced,f1,0.49298597194388777
1585,model_SVC,val,imbalanced,f1,0.48062015503875977
1586,model_SVC,test,imbalanced,f1,0.4375
1587,model_SVC,train,SMOTE,f1,1.0
1588,model_SVC,val,SMOTE,f1,0.04444444444444444
1589,model_SVC,test,SMOTE,f1,0.0
1590,model_SVC,train,SMOTE,f1,1.0
1591,model_SVC,val,SMOTE,f1,0.0851063829787234
1592,model_SVC,test,SMOTE,f1,0.0
1593,model_SVC,train,SMOTE,f1,1.0
1594,model_SVC,val,SMOTE,f1,0.1702127659574468
1595,model_SVC,test,SMOTE,f1,0.0
1596,model_SVC,train,SMOTE,f1,1.0
1597,model_SVC,val,SMOTE,f1,0.04545454545454545
1598,model_SVC,test,SMOTE,f1,0.0
1599,model_SVC,train,SMOTE,f1,1.0
1600,model_SVC,val,SMOTE,f1,0.08888888888888889
1601,model_SVC,test,SMOTE,f1,0.0
1602,model_RandomForest,train,imbalanced,f1,0.8279883381924199
1603,model_RandomForest,val,imbalanced,f1,0.46575342465753417
1604,model_RandomForest,test,imbalanced,f1,0.21621621621621623
1605,model_RandomForest,train,imbalanced,f1,0.8352941176470589
1606,model_RandomForest,val,imbalanced,f1,0.5205479452054794
1607,model_RandomForest,test,imbalanced,f1,0.3
1608,model_RandomForest,train,imbalanced,f1,0.8338368580060423
1609,model_RandomForest,val,imbalanced,f1,0.5128205128205128
1610,model_RandomForest,test,imbalanced,f1,0.17647058823529413
1611,model_RandomForest,train,imbalanced,f1,0.8497109826589595
1612,model_RandomForest,val,imbalanced,f1,0.4507042253521127
1613,model_RandomForest,test,imbalanced,f1,0.25
1614,model_RandomForest,train,imbalanced,f1,0.8417910447761193
1615,model_RandomForest,val,imbalanced,f1,0.5365853658536585
1616,model_RandomForest,test,imbalanced,f1,0.16216216216216217
1617,model_RandomForest,train,SMOTE,f1,0.9822552947910704
1618,model_RandomForest,val,SMOTE,f1,0.3934426229508197
1619,model_RandomForest,test,SMOTE,f1,0.20689655172413793
1620,model_RandomForest,train,SMOTE,f1,0.9839816933638443
1621,model_RandomForest,val,SMOTE,f1,0.46875
1622,model_RandomForest,test,SMOTE,f1,0.21428571428571427
1623,model_RandomForest,train,SMOTE,f1,0.9816513761467891
1624,model_RandomForest,val,SMOTE,f1,0.44827586206896547
1625,model_RandomForest,test,SMOTE,f1,0.21428571428571427
1626,model_RandomForest,train,SMOTE,f1,0.979942693409742
1627,model_RandomForest,val,SMOTE,f1,0.32727272727272727
1628,model_RandomForest,test,SMOTE,f1,0.14285714285714285
1629,model_RandomForest,train,SMOTE,f1,0.9857224443175329
1630,model_RandomForest,val,SMOTE,f1,0.39285714285714285
1631,model_RandomForest,test,SMOTE,f1,0.13333333333333333
1632,NN_weighted,train,imbalanced,f1,0.2768729641693811
1633,NN_weighted,val,imbalanced,f1,0.625
1634,NN_weighted,test,imbalanced,f1,0.4230769230769231
1635,NN_weighted,train,imbalanced,f1,0.27804878048780485
1636,NN_weighted,val,imbalanced,f1,0.5964912280701755
1637,NN_weighted,test,imbalanced,f1,0.4081632653061225
1638,NN_weighted,train,imbalanced,f1,0.27804878048780485
1639,NN_weighted,val,imbalanced,f1,0.6728971962616823
1640,NN_weighted,test,imbalanced,f1,0.339622641509434
1641,NN_weighted,train,imbalanced,f1,0.27804878048780485
1642,NN_weighted,val,imbalanced,f1,0.6521739130434783
1643,NN_weighted,test,imbalanced,f1,0.4090909090909091
1644,NN_weighted,train,imbalanced,f1,0.27804878048780485
1645,NN_weighted,val,imbalanced,f1,0.6542056074766356
1646,NN_weighted,test,imbalanced,f1,0.4081632653061225
1647,NN_weighted,train,imbalanced,f1,0.27804878048780485
1648,NN_weighted,val,imbalanced,f1,0.6000000000000001
1649,NN_weighted,test,imbalanced,f1,0.5
1650,NN_weighted,train,SMOTE,f1,0.8604780433574208
1651,NN_weighted,val,SMOTE,f1,0.5523809523809524
1652,NN_weighted,test,SMOTE,f1,0.43636363636363634
1653,NN_weighted,train,SMOTE,f1,0.842809364548495
1654,NN_weighted,val,SMOTE,f1,0.45714285714285713
1655,NN_weighted,test,SMOTE,f1,0.47058823529411764
1656,NN_weighted,train,SMOTE,f1,0.8487534626038782
1657,NN_weighted,val,SMOTE,f1,0.5739130434782609
1658,NN_weighted,test,SMOTE,f1,0.509090909090909
1659,NN_weighted,train,SMOTE,f1,0.5969696969696969
1660,NN_weighted,val,SMOTE,f1,0.5194805194805195
1661,NN_weighted,test,SMOTE,f1,0.3333333333333333
1662,NN_weighted,train,SMOTE,f1,0.8766519823788546
1663,NN_weighted,val,SMOTE,f1,0.48000000000000004
1664,NN_weighted,test,SMOTE,f1,0.4230769230769231
1665,model_XGB,train,imbalanced,mc_coef,1.0
1666,model_XGB,val,imbalanced,mc_coef,0.4727777795715661
1667,model_XGB,test,imbalanced,mc_coef,0.3739763363887433
1668,model_XGB,train,imbalanced,mc_coef,1.0
1669,model_XGB,val,imbalanced,mc_coef,0.41671209405299536
1670,model_XGB,test,imbalanced,mc_coef,0.3739763363887433
1671,model_XGB,train,imbalanced,mc_coef,1.0
1672,model_XGB,val,imbalanced,mc_coef,0.40999488993483363
1673,model_XGB,test,imbalanced,mc_coef,0.3739763363887433
1674,model_XGB,train,imbalanced,mc_coef,1.0
1675,model_XGB,val,imbalanced,mc_coef,0.35920485822297465
1676,model_XGB,test,imbalanced,mc_coef,0.28095684155093403
1677,model_XGB,train,imbalanced,mc_coef,1.0
1678,model_XGB,val,imbalanced,mc_coef,0.319132967009774
1679,model_XGB,test,imbalanced,mc_coef,0.24614257452350008
1680,model_XGB,train,SMOTE,mc_coef,0.9743716000441834
1681,model_XGB,val,SMOTE,mc_coef,0.139842859560218
1682,model_XGB,test,SMOTE,mc_coef,0.2940793310114357
1683,model_XGB,train,SMOTE,mc_coef,0.9743716000441834
1684,model_XGB,val,SMOTE,mc_coef,0.0
1685,model_XGB,test,SMOTE,mc_coef,0.4245917692741212
1686,model_XGB,train,SMOTE,mc_coef,0.968883858047123
1687,model_XGB,val,SMOTE,mc_coef,0.0
1688,model_XGB,test,SMOTE,mc_coef,0.2217265407661201
1689,model_XGB,train,SMOTE,mc_coef,0.975472667702661
1690,model_XGB,val,SMOTE,mc_coef,0.14176661436841884
1691,model_XGB,test,SMOTE,mc_coef,0.3333587388692365
1692,model_XGB,train,SMOTE,mc_coef,0.979931069342253
1693,model_XGB,val,SMOTE,mc_coef,0.20087051553945431
1694,model_XGB,test,SMOTE,mc_coef,0.24693239916239743
1695,model_logistic,train,imbalanced,mc_coef,0.4860219115808181
1696,model_logistic,val,imbalanced,mc_coef,0.40172772302586435
1697,model_logistic,train,imbalanced,mc_coef,0.4860219115808181
1698,model_logistic,val,imbalanced,mc_coef,0.40172772302586435
1699,model_logistic,test,imbalanced,mc_coef,0.33578594533810396
1700,model_logistic,train,imbalanced,mc_coef,0.4411138158801967
1701,model_logistic,val,imbalanced,mc_coef,0.39301277905642407
1702,model_logistic,test,imbalanced,mc_coef,0.27650453450735957
1703,model_logistic,train,imbalanced,mc_coef,0.445575440850579
1704,model_logistic,val,imbalanced,mc_coef,0.44806728403791757
1705,model_logistic,test,imbalanced,mc_coef,0.4012651486388958
1706,model_logistic,train,imbalanced,mc_coef,0.4651214942954493
1707,model_logistic,val,imbalanced,mc_coef,0.36388356191640636
1708,model_logistic,test,imbalanced,mc_coef,0.3502589894622421
1709,model_logistic,train,imbalanced,mc_coef,0.444531710047636
1710,model_logistic,val,imbalanced,mc_coef,0.42034817548265535
1711,model_logistic,test,imbalanced,mc_coef,0.3697730887705709
1712,model_logistic,train,SMOTE,mc_coef,0.5955965848636186
1713,model_logistic,val,SMOTE,mc_coef,0.4530991742601445
1714,model_logistic,test,SMOTE,mc_coef,0.3697730887705709
1715,model_logistic,train,SMOTE,mc_coef,0.5835857545125303
1716,model_logistic,val,SMOTE,mc_coef,0.4411524625020385
1717,model_logistic,test,SMOTE,mc_coef,0.3697730887705709
1718,model_logistic,train,SMOTE,mc_coef,0.6047553210135322
1719,model_logistic,val,SMOTE,mc_coef,0.4411524625020385
1720,model_logistic,test,SMOTE,mc_coef,0.3697730887705709
1721,model_logistic,train,SMOTE,mc_coef,0.5974236456148145
1722,model_logistic,val,SMOTE,mc_coef,0.4143697799785325
1723,model_logistic,test,SMOTE,mc_coef,0.3697730887705709
1724,model_logistic,train,SMOTE,mc_coef,0.5932096083153403
1725,model_logistic,val,SMOTE,mc_coef,0.42469738387217304
1726,model_logistic,test,SMOTE,mc_coef,0.3697730887705709
1727,model_LinearSVC,train,imbalanced,mc_coef,0.4811870140458756
1728,model_LinearSVC,val,imbalanced,mc_coef,0.40407401606087123
1729,model_LinearSVC,test,imbalanced,mc_coef,0.35805197878547623
1730,model_LinearSVC,train,imbalanced,mc_coef,0.4575792825323759
1731,model_LinearSVC,val,imbalanced,mc_coef,0.3772063420540101
1732,model_LinearSVC,test,imbalanced,mc_coef,0.27650453450735957
1733,model_LinearSVC,train,imbalanced,mc_coef,0.45149114471605895
1734,model_LinearSVC,val,imbalanced,mc_coef,0.41458023966968066
1735,model_LinearSVC,test,imbalanced,mc_coef,0.33754406835602896
1736,model_LinearSVC,train,imbalanced,mc_coef,0.4860030729885847
1737,model_LinearSVC,val,imbalanced,mc_coef,0.38163784949668783
1738,model_LinearSVC,test,imbalanced,mc_coef,0.3697730887705709
1739,model_LinearSVC,train,imbalanced,mc_coef,0.4366928415015345
1740,model_LinearSVC,val,imbalanced,mc_coef,0.37738561281752664
1741,model_LinearSVC,test,imbalanced,mc_coef,0.33175439049054967
1742,model_LinearSVC,train,SMOTE,mc_coef,0.6392634347607499
1743,model_LinearSVC,val,SMOTE,mc_coef,0.3992462882646304
1744,model_LinearSVC,test,SMOTE,mc_coef,0.3687947576443522
1745,model_LinearSVC,train,SMOTE,mc_coef,0.631888376589854
1746,model_LinearSVC,val,SMOTE,mc_coef,0.40334759452052227
1747,model_LinearSVC,test,SMOTE,mc_coef,0.29167465493175787
1748,model_LinearSVC,train,SMOTE,mc_coef,0.6256672473339204
1749,model_LinearSVC,val,SMOTE,mc_coef,0.42246768714991806
1750,model_LinearSVC,test,SMOTE,mc_coef,0.4012651486388958
1751,model_LinearSVC,train,SMOTE,mc_coef,0.6353672327621532
1752,model_LinearSVC,val,SMOTE,mc_coef,0.3956435939593486
1753,model_LinearSVC,test,SMOTE,mc_coef,0.37249615774377504
1754,model_LinearSVC,train,SMOTE,mc_coef,0.6034735736103375
1755,model_LinearSVC,val,SMOTE,mc_coef,0.39213530397968444
1756,model_LinearSVC,test,SMOTE,mc_coef,0.3048426759918735
1757,model_SVC,train,imbalanced,mc_coef,0.395277829733893
1758,model_SVC,val,imbalanced,mc_coef,0.3998370146019641
1759,model_SVC,test,imbalanced,mc_coef,0.36329954771276146
1760,model_SVC,train,imbalanced,mc_coef,0.3955004057489216
1761,model_SVC,val,imbalanced,mc_coef,0.4068047946176062
1762,model_SVC,test,imbalanced,mc_coef,0.2998480603270163
1763,model_SVC,train,imbalanced,mc_coef,0.323795615705283
1764,model_SVC,val,imbalanced,mc_coef,0.47006391802644076
1765,model_SVC,test,imbalanced,mc_coef,0.3228411889902039
1766,model_SVC,train,imbalanced,mc_coef,0.39558929604109466
1767,model_SVC,val,imbalanced,mc_coef,0.37464179253458263
1768,model_SVC,test,imbalanced,mc_coef,0.3228411889902039
1769,model_SVC,train,imbalanced,mc_coef,0.3887069225789941
1770,model_SVC,val,imbalanced,mc_coef,0.3780513646733303
1771,model_SVC,test,imbalanced,mc_coef,0.30890310877874844
1772,model_SVC,train,SMOTE,mc_coef,1.0
1773,model_SVC,val,SMOTE,mc_coef,0.0798820945708062
1774,model_SVC,test,SMOTE,mc_coef,-0.036557512506755575
1775,model_SVC,train,SMOTE,mc_coef,1.0
1776,model_SVC,val,SMOTE,mc_coef,0.113402352063428
1777,model_SVC,test,SMOTE,mc_coef,0.0
1778,model_SVC,train,SMOTE,mc_coef,1.0
1779,model_SVC,val,SMOTE,mc_coef,0.28128851573274877
1780,model_SVC,test,SMOTE,mc_coef,0.0
1781,model_SVC,train,SMOTE,mc_coef,1.0
1782,model_SVC,val,SMOTE,mc_coef,0.08143399278626526
1783,model_SVC,test,SMOTE,mc_coef,-0.036557512506755575
1784,model_SVC,train,SMOTE,mc_coef,1.0
1785,model_SVC,val,SMOTE,mc_coef,0.14877982366080214
1786,model_SVC,test,SMOTE,mc_coef,-0.036557512506755575
1787,model_RandomForest,train,imbalanced,mc_coef,0.7947577429126783
1788,model_RandomForest,val,imbalanced,mc_coef,0.3919003972936048
1789,model_RandomForest,test,imbalanced,mc_coef,0.12171015910506526
1790,model_RandomForest,train,imbalanced,mc_coef,0.8037625861155273
1791,model_RandomForest,val,imbalanced,mc_coef,0.45650606154418355
1792,model_RandomForest,test,imbalanced,mc_coef,0.20020528005333993
1793,model_RandomForest,train,imbalanced,mc_coef,0.8034688992318622
1794,model_RandomForest,val,imbalanced,mc_coef,0.43291548960132087
1795,model_RandomForest,test,imbalanced,mc_coef,0.09994880298833034
1796,model_RandomForest,train,imbalanced,mc_coef,0.8204486249236098
1797,model_RandomForest,val,imbalanced,mc_coef,0.37709859450853506
1798,model_RandomForest,test,imbalanced,mc_coef,0.14110854076048657
1799,model_RandomForest,train,imbalanced,mc_coef,0.8123315172354548
1800,model_RandomForest,val,imbalanced,mc_coef,0.45163183928619616
1801,model_RandomForest,test,imbalanced,mc_coef,0.056886270016497896
1802,model_RandomForest,train,SMOTE,mc_coef,0.9656051473146918
1803,model_RandomForest,val,SMOTE,mc_coef,0.3693177481030362
1804,model_RandomForest,test,SMOTE,mc_coef,0.2217265407661201
1805,model_RandomForest,train,SMOTE,mc_coef,0.9689502715934192
1806,model_RandomForest,val,SMOTE,mc_coef,0.4392440991073726
1807,model_RandomForest,test,SMOTE,mc_coef,0.26549900883231786
1808,model_RandomForest,train,SMOTE,mc_coef,0.9645904740399915
1809,model_RandomForest,val,SMOTE,mc_coef,0.4679847298596402
1810,model_RandomForest,test,SMOTE,mc_coef,0.26549900883231786
1811,model_RandomForest,train,SMOTE,mc_coef,0.9611714548358072
1812,model_RandomForest,val,SMOTE,mc_coef,0.33177329073935174
1813,model_RandomForest,test,SMOTE,mc_coef,0.15237334419941723
1814,model_RandomForest,train,SMOTE,mc_coef,0.9722322188675718
1815,model_RandomForest,val,SMOTE,mc_coef,0.4054183487545854
1816,model_RandomForest,test,SMOTE,mc_coef,0.09491785187531555
1817,NN_weighted,train,imbalanced,mc_coef,-0.04001862163343317
1818,NN_weighted,val,imbalanced,mc_coef,0.5598730103198329
1819,NN_weighted,test,imbalanced,mc_coef,0.30131526600313885
1820,NN_weighted,train,imbalanced,mc_coef,0.0
1821,NN_weighted,val,imbalanced,mc_coef,0.5242578324129024
1822,NN_weighted,test,imbalanced,mc_coef,0.289942017394202
1823,NN_weighted,train,imbalanced,mc_coef,0.0
1824,NN_weighted,val,imbalanced,mc_coef,0.6168234035154451
1825,NN_weighted,test,imbalanced,mc_coef,0.19727377790917033
1826,NN_weighted,train,imbalanced,mc_coef,0.0
1827,NN_weighted,val,imbalanced,mc_coef,0.5826798012036319
1828,NN_weighted,test,imbalanced,mc_coef,0.3078594858544005
1829,NN_weighted,train,imbalanced,mc_coef,0.0
1830,NN_weighted,val,imbalanced,mc_coef,0.5927842274705561
1831,NN_weighted,test,imbalanced,mc_coef,0.289942017394202
1832,NN_weighted,train,imbalanced,mc_coef,0.0
1833,NN_weighted,val,imbalanced,mc_coef,0.5195755508606595
1834,NN_weighted,test,imbalanced,mc_coef,0.3950577932041154
1835,NN_weighted,train,SMOTE,mc_coef,0.7175830804212875
1836,NN_weighted,val,SMOTE,mc_coef,0.45789153723801773
1837,NN_weighted,test,SMOTE,mc_coef,0.3130632962713118
1838,NN_weighted,train,SMOTE,mc_coef,0.6825726758866728
1839,NN_weighted,val,SMOTE,mc_coef,0.3370096311132173
1840,NN_weighted,test,SMOTE,mc_coef,0.3608556528142821
1841,NN_weighted,train,SMOTE,mc_coef,0.6929371827287462
1842,NN_weighted,val,SMOTE,mc_coef,0.49047396228210643
1843,NN_weighted,test,SMOTE,mc_coef,0.40329918754951344
1844,NN_weighted,train,SMOTE,mc_coef,0.46720608469196145
1845,NN_weighted,val,SMOTE,mc_coef,0.4407294585427198
1846,NN_weighted,test,SMOTE,mc_coef,0.2716256390786371
1847,NN_weighted,train,SMOTE,mc_coef,0.7485075152096398
1848,NN_weighted,val,SMOTE,mc_coef,0.3695012123188498
1849,NN_weighted,test,SMOTE,mc_coef,0.30131526600313885
